"","gene","chr","pos","class","effect","pheno","logistic.regression","CP","numExtreme"
"1","CNAG_00014",1,47564,"b","ns","GCSF","est = -1.53, error = 0.76, z = -2, p = 0.045","1.47564",14
"2","CNAG_00014",1,47575,"b","ns","GCSF","est = -1.62, error = 0.78, z = -2.08, p = 0.038","1.47575",12
"3","CNAG_00014",1,47671,"b","ns","GMCSF","est = 1.15, error = 0.49, z = 2.35, p = 0.019","1.47671",17
"4","CNAG_00363",1,927896,"b","ns","IL2","est = 0.57, error = 0.27, z = 2.09, p = 0.036","1.927896",1
"5","CNAG_00363",1,927901,"b","ns","IL2","est = 0.57, error = 0.27, z = 2.09, p = 0.036","1.927901",3
"6","CNAG_07950",1,975397,"b","upstream","efa","est = -31.27, error = 13.51, z = -2.32, p = 0.021","1.975397",1
"7","CNAG_07950",1,975152,"ab","upstream","IL8","est = 0.98, error = 0.44, z = 2.23, p = 0.026","1.975152",3
"8","CNAG_07950",1,975152,"ab","upstream","hivrna","est = 0, error = 0, z = 1.98, p = 0.048","1.975152",1
"9","CNAG_07950",1,975212,"ab","upstream","IL4","est = -0.79, error = 0.36, z = -2.21, p = 0.027","1.975212",0
"10","CNAG_07950",1,975212,"ab","upstream","IL6","est = -0.43, error = 0.17, z = -2.48, p = 0.013","1.975212",0
"11","CNAG_07950",1,975212,"ab","upstream","IL8","est = -1.13, error = 0.43, z = -2.62, p = 0.009","1.975212",0
"12","CNAG_07950",1,975212,"ab","upstream","GMCSF","est = -0.92, error = 0.42, z = -2.17, p = 0.03","1.975212",73
"13","CNAG_07950",1,975212,"ab","upstream","IFNg","est = -0.67, error = 0.31, z = -2.18, p = 0.029","1.975212",2
"14","CNAG_07950",1,975212,"ab","upstream","FLC","est = -0.06, error = 0.03, z = -2.11, p = 0.034","1.975212",1
"15","CNAG_07837",10,13558,"b","UTR-5","IL2","est = 0.4, error = 0.19, z = 2.06, p = 0.039","10.13558",1
"16","CNAG_07837",10,15288,"b","UTR-3","csf_wbc","est = 0.01, error = 0.01, z = 2.01, p = 0.044","10.15288",8
"17","CNAG_07837",10,15302,"b","UTR-3","cd4","est = -0.19, error = 0.1, z = -1.96, p = 0.049","10.15302",1
"18","CNAG_04922",10,18908,"b","upstream","IL2","est = -0.49, error = 0.22, z = -2.2, p = 0.028","10.18908",2
"19","CNAG_04922",10,18915,"b","upstream","IL2","est = -0.49, error = 0.22, z = -2.2, p = 0.028","10.18915",2
"20","CNAG_04922",10,18933,"b","upstream","IL2","est = -0.46, error = 0.22, z = -2.11, p = 0.035","10.18933",1
"21","CNAG_04922",10,18941,"b","upstream","IL2","est = -0.46, error = 0.22, z = -2.09, p = 0.036","10.18941",2
"22","CNAG_01802",11,966644,"b","upstream","csf_wbc","est = 0.01, error = 0.01, z = 2.37, p = 0.018","11.966644",0
"23","CNAG_01802",11,966669,"b","upstream","IL2","est = 0.43, error = 0.22, z = 1.96, p = 0.05","11.966669",3
"24","CNAG_01802",11,966700,"b","upstream","IL7","est = -1.04, error = 0.52, z = -2, p = 0.045","11.966700",0
"25","CNAG_05987",12,14009,"b","ns","IL2","est = -0.55, error = 0.23, z = -2.34, p = 0.019","12.14009",0
"26","CNAG_05987",12,14035,"b","ns","IL2","est = 0.43, error = 0.2, z = 2.13, p = 0.034","12.14035",2
"27","CNAG_05987",12,14125,"b","CODON_CHANGE_PLUS_CODON_DELETION","chitin","est = 0, error = 0, z = 2.14, p = 0.033","12.14125",60
"28","CNAG_05987",12,15014,"b","UTR-5","adherence","est = 5.03, error = 2.33, z = 2.16, p = 0.031","12.15014",56
"29","CNAG_05987",12,14197,"ab","ns","efa","est = 34.56, error = 17.31, z = 2, p = 0.046","12.14197",2
"30","CNAG_05987",12,14197,"ab","ns","adherence","est = 5.38, error = 2.7, z = 1.99, p = 0.046","12.14197",15
"31","CNAG_05987",12,14202,"ab","frameshift","efa","est = 34.56, error = 17.31, z = 2, p = 0.046","12.14202",1
"32","CNAG_05987",12,14202,"ab","frameshift","adherence","est = 5.38, error = 2.7, z = 1.99, p = 0.046","12.14202",18
"33","CNAG_06169",12,502808,"b","UTR-3","IL8","est = -0.7, error = 0.34, z = -2.09, p = 0.037","12.502808",5
"34","CNAG_06169",12,503311,"b","UTR-3","GCSF","est = -1.92, error = 0.86, z = -2.23, p = 0.025","12.503311",70
"35","CNAG_06169",12,502888,"ab","UTR-3","GMCSF","est = -0.84, error = 0.42, z = -2, p = 0.046","12.502888",77
"36","CNAG_06169",12,502888,"ab","UTR-3","growth","est = 13.36, error = 6.58, z = 2.03, p = 0.042","12.502888",84
"37","CNAG_06169",12,502890,"ab","UTR-3","IL6","est = -0.37, error = 0.18, z = -2.09, p = 0.037","12.502890",3
"38","CNAG_06169",12,502890,"ab","UTR-3","IL8","est = -0.65, error = 0.33, z = -1.97, p = 0.049","12.502890",3
"39","CNAG_06169",12,502890,"ab","UTR-3","GMCSF","est = -1.03, error = 0.47, z = -2.17, p = 0.03","12.502890",63
"40","CNAG_06169",12,503049,"ab","UTR-3","GMCSF","est = 0.99, error = 0.48, z = 2.08, p = 0.037","12.503049",48
"41","CNAG_06169",12,503049,"ab","UTR-3","hivrna","est = 0, error = 0, z = 2.19, p = 0.028","12.503049",0
"42","CNAG_06169",12,503112,"ab","UTR-3","hivrna","est = 0, error = 0, z = -2.16, p = 0.031","12.503112",1
"43","CNAG_06169",12,503112,"ab","UTR-3","csf_wbc","est = 0.02, error = 0.01, z = 2.2, p = 0.028","12.503112",0
"44","CNAG_06169",12,503313,"ab","UTR-3","IL12","est = 0.58, error = 0.28, z = 2.03, p = 0.042","12.503313",1
"45","CNAG_06169",12,503313,"ab","UTR-3","IL13","est = 0.28, error = 0.14, z = 2.04, p = 0.041","12.503313",3
"46","CNAG_06169",12,503313,"ab","UTR-3","GCSF","est = -1.97, error = 0.87, z = -2.26, p = 0.024","12.503313",96
"47","CNAG_06169",12,503321,"ab","UTR-3","IL12","est = 0.89, error = 0.35, z = 2.52, p = 0.012","12.503321",0
"48","CNAG_06169",12,503321,"ab","UTR-3","IL13","est = 0.31, error = 0.14, z = 2.23, p = 0.026","12.503321",2
"49","CNAG_06169",12,503321,"ab","UTR-3","GCSF","est = -1.92, error = 0.89, z = -2.15, p = 0.031","12.503321",63
"50","CNAG_06169",12,503321,"ab","UTR-3","MIP1b","est = 0.82, error = 0.4, z = 2.04, p = 0.041","12.503321",2
"51","CNAG_06169",12,503327,"ab","UTR-3","IL12","est = 0.81, error = 0.34, z = 2.38, p = 0.017","12.503327",0
"52","CNAG_06169",12,503327,"ab","UTR-3","IL13","est = 0.27, error = 0.13, z = 2.01, p = 0.044","12.503327",7
"53","CNAG_06169",12,503327,"ab","UTR-3","MIP1b","est = 0.77, error = 0.39, z = 1.97, p = 0.049","12.503327",2
"54","CNAG_06169",12,503401,"ab","UTR-3","IL10","est = 1.05, error = 0.46, z = 2.26, p = 0.024","12.503401",1
"55","CNAG_06169",12,503401,"ab","UTR-3","chitin","est = 0, error = 0, z = 2.02, p = 0.044","12.503401",82
"56","CNAG_06256",13,11130,"b","upstream","TNFa","est = -0.87, error = 0.35, z = -2.45, p = 0.014","13.11130",1
"57","CNAG_06256",13,11108,"ab","upstream","IL12","est = -1.5, error = 0.75, z = -2.01, p = 0.044","13.11108",0
"58","CNAG_06256",13,11108,"ab","upstream","IFNg","est = -0.84, error = 0.38, z = -2.22, p = 0.026","13.11108",0
"59","CNAG_06256",13,11108,"ab","upstream","MCP1","est = -1.43, error = 0.67, z = -2.13, p = 0.033","13.11108",0
"60","CNAG_06256",13,11108,"ab","upstream","MIP1b","est = -1.15, error = 0.53, z = -2.17, p = 0.03","13.11108",0
"61","CNAG_06256",13,11108,"ab","upstream","TNFa","est = -1.07, error = 0.51, z = -2.09, p = 0.036","13.11108",1
"62","CNAG_06256",13,11118,"ab","upstream","IFNg","est = -0.51, error = 0.24, z = -2.1, p = 0.036","13.11118",1
"63","CNAG_06256",13,11118,"ab","upstream","TNFa","est = -0.8, error = 0.36, z = -2.21, p = 0.027","13.11118",2
"64","CNAG_06332",13,219021,"b","upstream","adherence","est = 7.45, error = 3.38, z = 2.2, p = 0.027","13.219021",12
"65","CNAG_06332",13,219311,"b","upstream","efa","est = 66.96, error = 26.13, z = 2.56, p = 0.01","13.219311",0
"66","CNAG_06332",13,219312,"b","upstream","efa","est = 81.06, error = 32.58, z = 2.49, p = 0.013","13.219312",0
"67","CNAG_06422",13,436551,"b","UTR-5","IL2","est = 0.4, error = 0.19, z = 2.06, p = 0.039","13.436551",1
"68","CNAG_06422",13,436554,"b","UTR-5","IL2","est = 0.4, error = 0.19, z = 2.06, p = 0.039","13.436554",4
"69","CNAG_05661",14,909638,"b","upstream","adherence","est = 4.47, error = 1.99, z = 2.24, p = 0.025","14.909638",89
"70","CNAG_05661",14,910152,"b","upstream","uptake","est = -3.29, error = 1.51, z = -2.17, p = 0.03","14.910152",83
"71","CNAG_05661",14,908850,"ab","upstream","IL8","est = -0.62, error = 0.3, z = -2.06, p = 0.039","14.908850",4
"72","CNAG_05661",14,908850,"ab","upstream","GMCSF","est = -0.95, error = 0.42, z = -2.25, p = 0.024","14.908850",98
"73","CNAG_05661",14,908850,"ab","upstream","IFNg","est = -0.5, error = 0.24, z = -2.05, p = 0.041","14.908850",3
"74","CNAG_05661",14,908850,"ab","upstream","MCP1","est = -0.44, error = 0.2, z = -2.2, p = 0.028","14.908850",1
"75","CNAG_05661",14,908994,"ab","upstream","MIP1b","est = 1.28, error = 0.65, z = 1.96, p = 0.05","14.908994",1
"76","CNAG_05661",14,908994,"ab","upstream","uptake","est = 4.5, error = 2.26, z = 1.99, p = 0.046","14.908994",69
"77","CNAG_05661",14,908994,"ab","upstream","FLC","est = 0.05, error = 0.02, z = 2.21, p = 0.027","14.908994",75
"78","CNAG_05661",14,909011,"ab","upstream","IL1b","est = 1.02, error = 0.49, z = 2.08, p = 0.038","14.909011",2
"79","CNAG_05661",14,909011,"ab","upstream","IL8","est = 0.89, error = 0.43, z = 2.07, p = 0.038","14.909011",1
"80","CNAG_05661",14,909011,"ab","upstream","MIP1b","est = 1.62, error = 0.75, z = 2.16, p = 0.031","14.909011",0
"81","CNAG_05661",14,909011,"ab","upstream","uptake","est = 5.05, error = 2.3, z = 2.19, p = 0.028","14.909011",66
"82","CNAG_05661",14,909011,"ab","upstream","FLC","est = 0.05, error = 0.02, z = 2.01, p = 0.045","14.909011",66
"83","CNAG_05661",14,910181,"ab","upstream","IL1b","est = -0.86, error = 0.42, z = -2.05, p = 0.04","14.910181",2
"84","CNAG_05661",14,910181,"ab","upstream","IL6","est = -0.32, error = 0.15, z = -2.05, p = 0.04","14.910181",3
"85","CNAG_05661",14,910181,"ab","upstream","IFNg","est = -0.72, error = 0.33, z = -2.19, p = 0.028","14.910181",0
"86","CNAG_05661",14,910181,"ab","upstream","hivrna","est = 0, error = 0, z = 2.16, p = 0.031","14.910181",0
"87","CNAG_05663",14,910323,"b","downstream","TNFa","est = -0.69, error = 0.31, z = -2.22, p = 0.026","14.910323",1
"88","CNAG_05663",14,910555,"b","downstream","survival_days","est = 0, error = 0, z = -2.06, p = 0.039","14.910555",5
"89","CNAG_05663",14,910328,"ab","downstream","IL1b","est = -0.84, error = 0.41, z = -2.04, p = 0.041","14.910328",5
"90","CNAG_05663",14,910328,"ab","downstream","IL13","est = -0.28, error = 0.14, z = -2, p = 0.045","14.910328",5
"91","CNAG_05663",14,910328,"ab","downstream","TNFa","est = -0.8, error = 0.33, z = -2.42, p = 0.015","14.910328",2
"92","CNAG_05662",14,910742,"b","UTR-3","AMP","est = 2.56, error = 1.3, z = 1.96, p = 0.05","14.910742",1
"93","CNAG_05662",14,910834,"b","downstream","survival_days","est = -0.01, error = 0, z = -2.12, p = 0.034","14.910834",4
"94","CNAG_05662",14,910926,"b","downstream","SERT","est = -0.36, error = 0.18, z = -1.99, p = 0.046","14.910926",53
"95","CNAG_05662",14,910966,"b","downstream","survival_days","est = -0.01, error = 0, z = -2.77, p = 0.006","14.910966",0
"96","CNAG_05662",14,911262,"b","downstream","MCP1","est = 0.49, error = 0.24, z = 2.06, p = 0.039","14.911262",2
"97","CNAG_05662",14,911292,"b","downstream","IL2","est = 0.51, error = 0.25, z = 2, p = 0.045","14.911292",5
"98","CNAG_05662",14,911308,"b","downstream","adherence","est = 5.43, error = 2.43, z = 2.23, p = 0.025","14.911308",97
"99","CNAG_05662",14,911321,"b","downstream","IL5","est = 0.67, error = 0.33, z = 2.02, p = 0.043","14.911321",2
"100","CNAG_05662",14,911352,"b","downstream","MCP1","est = -0.4, error = 0.2, z = -1.98, p = 0.048","14.911352",3
"101","CNAG_05662",14,910822,"ab","downstream","survival_days","est = -0.01, error = 0, z = -2.32, p = 0.02","14.910822",1
"102","CNAG_05662",14,910822,"ab","downstream","FLC","est = 0.05, error = 0.02, z = 1.98, p = 0.047","14.910822",1
"103","CNAG_05662",14,910939,"ab","downstream","growth","est = 15.73, error = 7.41, z = 2.12, p = 0.034","14.910939",14
"104","CNAG_05662",14,910939,"ab","downstream","SERT","est = -0.5, error = 0.25, z = -2.01, p = 0.044","14.910939",12
"105","CNAG_05662",14,910964,"ab","downstream","survival_days","est = -0.01, error = 0, z = -2.68, p = 0.007","14.910964",17
"106","CNAG_05662",14,910964,"ab","downstream","AMP","est = -2.75, error = 1.39, z = -1.97, p = 0.048","14.910964",1
"107","CNAG_05662",14,910979,"ab","downstream","survival_days","est = 0, error = 0, z = -2.01, p = 0.045","14.910979",3
"108","CNAG_05662",14,910979,"ab","downstream","uptake","est = -3.3, error = 1.6, z = -2.06, p = 0.04","14.910979",1
"109","CNAG_05662",14,911099,"ab","downstream","IL12","est = 0.68, error = 0.33, z = 2.04, p = 0.041","14.911099",3
"110","CNAG_05662",14,911099,"ab","downstream","GMCSF","est = 0.86, error = 0.43, z = 1.98, p = 0.048","14.911099",1
"111","CNAG_05662",14,911099,"ab","downstream","MCP1","est = 0.51, error = 0.22, z = 2.32, p = 0.021","14.911099",0
"112","CNAG_05662",14,911099,"ab","downstream","TNFa","est = 0.76, error = 0.37, z = 2.04, p = 0.042","14.911099",0
"113","CNAG_05662",14,911099,"ab","downstream","growth","est = 12.72, error = 6.23, z = 2.04, p = 0.041","14.911099",0
"114","CNAG_05662",14,911129,"ab","downstream","IL12","est = 0.84, error = 0.34, z = 2.44, p = 0.015","14.911129",73
"115","CNAG_05662",14,911129,"ab","downstream","IL13","est = 0.31, error = 0.14, z = 2.26, p = 0.024","14.911129",2
"116","CNAG_05662",14,911129,"ab","downstream","IL17","est = 0.98, error = 0.44, z = 2.23, p = 0.026","14.911129",1
"117","CNAG_05662",14,911129,"ab","downstream","MIP1b","est = 0.74, error = 0.36, z = 2.06, p = 0.039","14.911129",1
"118","CNAG_05662",14,911129,"ab","downstream","TNFa","est = 0.82, error = 0.35, z = 2.35, p = 0.019","14.911129",8
"119","CNAG_05662",14,911129,"ab","downstream","growth","est = 18.94, error = 8.15, z = 2.32, p = 0.02","14.911129",1
"120","CNAG_05662",14,911129,"ab","downstream","FLC","est = 0.07, error = 0.03, z = 2.11, p = 0.035","14.911129",2
"121","CNAG_05662",14,911129,"ab","downstream","AMP","est = -2.7, error = 1.36, z = -1.98, p = 0.048","14.911129",2
"122","CNAG_05662",14,911129,"ab","downstream","SERT","est = -0.55, error = 0.25, z = -2.25, p = 0.025","14.911129",1
"123","CNAG_05662",14,911206,"ab","downstream","IL8","est = 0.64, error = 0.32, z = 1.98, p = 0.048","14.911206",2
"124","CNAG_05662",14,911206,"ab","downstream","MCP1","est = 0.63, error = 0.24, z = 2.6, p = 0.009","14.911206",0
"125","CNAG_05662",14,911206,"ab","downstream","MIP1b","est = 0.77, error = 0.38, z = 1.99, p = 0.046","14.911206",3
"126","CNAG_13204",14,924025,"b","upstream","GMCSF","est = 1.16, error = 0.49, z = 2.37, p = 0.018","14.924025",0
"127","CNAG_13204",14,924047,"b","upstream","IL13","est = 0.34, error = 0.14, z = 2.4, p = 0.017","14.924047",0
"128","CNAG_13204",14,924049,"b","upstream","IL13","est = 0.34, error = 0.14, z = 2.4, p = 0.017","14.924049",2
"129","CNAG_13204",14,924050,"b","upstream","IL13","est = 0.34, error = 0.14, z = 2.4, p = 0.017","14.924050",60
"130","CNAG_05185",4,667446,"b","UTR-5","uptake","est = -3.43, error = 1.49, z = -2.3, p = 0.021","4.667446",56
"131","CNAG_05185",4,667433,"ab","UTR-5","survival_days","est = -0.01, error = 0, z = -2.25, p = 0.024","4.667433",2
"132","CNAG_05185",4,667433,"ab","UTR-5","uptake","est = -3.76, error = 1.55, z = -2.42, p = 0.016","4.667433",15
"133","CNAG_01241",5,836479,"b","upstream","IL2","est = 0.68, error = 0.28, z = 2.46, p = 0.014","5.836479",1
"134","CNAG_01241",5,836697,"ab","upstream","IL4","est = 0.66, error = 0.32, z = 2.06, p = 0.039","5.836697",18
"135","CNAG_01241",5,836697,"ab","upstream","IL5","est = 1.03, error = 0.4, z = 2.55, p = 0.011","5.836697",5
"136","CNAG_01241",5,836697,"ab","upstream","IL7","est = 1.11, error = 0.53, z = 2.1, p = 0.036","5.836697",70
"137","CNAG_01241",5,836697,"ab","upstream","IL17","est = 0.75, error = 0.38, z = 1.99, p = 0.047","5.836697",77
"138","CNAG_01241",5,836697,"ab","upstream","GMCSF","est = 1.16, error = 0.47, z = 2.45, p = 0.014","5.836697",84
"139","CNAG_01241",5,836697,"ab","upstream","TNFa","est = 0.83, error = 0.35, z = 2.4, p = 0.017","5.836697",3
"140","CNAG_01241",5,836697,"ab","upstream","chitin","est = 0, error = 0, z = 2.14, p = 0.032","5.836697",3
"141","CNAG_01241",5,836899,"ab","upstream","IL5","est = -1.74, error = 0.82, z = -2.11, p = 0.035","5.836899",63
"142","CNAG_01241",5,836899,"ab","upstream","IL12","est = -1.21, error = 0.51, z = -2.38, p = 0.017","5.836899",48
"143","CNAG_01241",5,836899,"ab","upstream","IL13","est = -0.96, error = 0.44, z = -2.19, p = 0.028","5.836899",0
"144","CNAG_01241",5,836899,"ab","upstream","IL17","est = -0.79, error = 0.35, z = -2.25, p = 0.025","5.836899",1
"145","CNAG_01241",5,836899,"ab","upstream","GCSF","est = 2.53, error = 1.13, z = 2.24, p = 0.025","5.836899",0
"146","CNAG_01241",5,836899,"ab","upstream","TNFa","est = -1.08, error = 0.44, z = -2.43, p = 0.015","5.836899",1
"147","CNAG_02112",6,1160524,"b","upstream","AMP","est = 2.56, error = 1.29, z = 1.99, p = 0.046","6.1160524",3
"148","CNAG_02112",6,1160528,"b","upstream","AMP","est = 2.56, error = 1.29, z = 1.99, p = 0.046","6.1160528",96
"149","CNAG_02112",6,1160532,"b","upstream","AMP","est = 2.56, error = 1.29, z = 1.99, p = 0.046","6.1160532",0
"150","CNAG_02475",6,221275,"b","upstream","growth","est = 29.86, error = 11.78, z = 2.54, p = 0.011","6.221275",2
"151","CNAG_02475",6,221282,"b","upstream","growth","est = 13.45, error = 6.54, z = 2.06, p = 0.04","6.221282",63
"152","CNAG_02475",6,221273,"ab","upstream","IL7","est = 1.07, error = 0.53, z = 2.02, p = 0.043","6.221273",2
"153","CNAG_02475",6,221273,"ab","upstream","growth","est = 28.54, error = 11.67, z = 2.45, p = 0.014","6.221273",0
"154","CNAG_02176",6,988843,"b","ns","MIP1b","est = -0.79, error = 0.36, z = -2.18, p = 0.029","6.988843",7
"155","CNAG_02176",6,988922,"b","ns","LFA_Titer","est = -0.92, error = 0.45, z = -2.02, p = 0.043","6.988922",2
"156","CNAG_02176",6,989188,"b","ns","IL12","est = 0.56, error = 0.29, z = 1.97, p = 0.049","6.989188",1
"157","CNAG_02176",6,989334,"b","ns","AMP","est = -3.16, error = 1.58, z = -2, p = 0.045","6.989334",82
"158","CNAG_02176",6,989732,"b","ns","IL2","est = 0.43, error = 0.21, z = 2, p = 0.046","6.989732",1
"159","CNAG_02176",6,990777,"b","STOP_GAINED","MIP1b","est = -0.73, error = 0.36, z = -2.04, p = 0.041","6.990777",0
"160","CNAG_02176",6,990885,"b","start+","SERT","est = -0.31, error = 0.15, z = -2.04, p = 0.042","6.990885",0
"161","CNAG_02176",6,988405,"ab","UTR-3","chitin","est = 0, error = 0, z = -1.99, p = 0.047","6.988405",0
"162","CNAG_02176",6,988405,"ab","UTR-3","SERT","est = -0.29, error = 0.15, z = -2, p = 0.046","6.988405",0
"163","CNAG_02176",6,988733,"ab","STOP_GAINED","IL1b","est = -0.88, error = 0.41, z = -2.13, p = 0.033","6.988733",1
"164","CNAG_02176",6,988733,"ab","STOP_GAINED","IL13","est = -0.27, error = 0.13, z = -2.08, p = 0.038","6.988733",1
"165","CNAG_02176",6,988733,"ab","STOP_GAINED","MCP1","est = -0.51, error = 0.22, z = -2.34, p = 0.019","6.988733",2
"166","CNAG_02176",6,988733,"ab","STOP_GAINED","MIP1b","est = -1.3, error = 0.48, z = -2.69, p = 0.007","6.988733",12
"167","CNAG_02176",6,989490,"ab","ns","hivrna","est = 0, error = 0, z = -2.15, p = 0.032","6.989490",0
"168","CNAG_02176",6,989490,"ab","ns","SERT","est = -0.41, error = 0.19, z = -2.21, p = 0.027","6.989490",0
"169","CNAG_02176",6,990771,"ab","ns","IL10","est = -0.95, error = 0.47, z = -2.03, p = 0.042","6.990771",1
"170","CNAG_02176",6,990771,"ab","ns","MIP1b","est = -0.72, error = 0.36, z = -2, p = 0.045","6.990771",4
"171","CNAG_02176",6,990851,"ab","ns","IL10","est = -0.95, error = 0.48, z = -1.97, p = 0.049","6.990851",89
"172","CNAG_02176",6,990851,"ab","ns","MIP1b","est = -0.81, error = 0.37, z = -2.18, p = 0.029","6.990851",83
"173","CNAG_02176",6,991027,"ab","UTR-5","IL13","est = -0.38, error = 0.18, z = -2.11, p = 0.034","6.991027",4
"174","CNAG_02176",6,991027,"ab","UTR-5","TNFa","est = -0.68, error = 0.34, z = -2.03, p = 0.042","6.991027",98
"175","CNAG_02176",6,991027,"ab","UTR-5","survival_days","est = -0.01, error = 0, z = -2.58, p = 0.01","6.991027",3
"176","CNAG_06574",7,164473,"b","upstream","hivrna","est = 0, error = 0, z = -1.98, p = 0.047","7.164473",1
"177","CNAG_06574",7,165027,"b","upstream","MIP1b","est = -0.92, error = 0.41, z = -2.24, p = 0.025","7.165027",1
"178","CNAG_06574",7,165873,"b","upstream","IL13","est = 0.29, error = 0.14, z = 2.07, p = 0.039","7.165873",69
"179","CNAG_06574",7,166309,"b","upstream","growth","est = 15.66, error = 7.49, z = 2.09, p = 0.037","7.166309",75
"180","CNAG_06574",7,167135,"b","upstream","IL13","est = -0.38, error = 0.15, z = -2.54, p = 0.011","7.167135",2
"181","CNAG_06574",7,167224,"b","upstream","GMCSF","est = -1.06, error = 0.49, z = -2.17, p = 0.03","7.167224",1
"182","CNAG_06574",7,164887,"ab","upstream","IL2","est = 0.49, error = 0.24, z = 2.08, p = 0.038","7.164887",0
"183","CNAG_06574",7,164887,"ab","upstream","TNFa","est = -0.63, error = 0.31, z = -2.05, p = 0.04","7.164887",66
"184","CNAG_06574",7,164926,"ab","upstream","IL2","est = -0.58, error = 0.27, z = -2.16, p = 0.031","7.164926",66
"185","CNAG_06574",7,164926,"ab","upstream","MIP1b","est = 0.78, error = 0.36, z = 2.15, p = 0.031","7.164926",2
"186","CNAG_06574",7,165704,"ab","upstream","survival_days","est = 0, error = 0, z = 2, p = 0.045","7.165704",3
"187","CNAG_06574",7,165704,"ab","upstream","efa","est = -25.89, error = 12.75, z = -2.03, p = 0.042","7.165704",0
"188","CNAG_06574",7,166838,"ab","upstream","IL5","est = -1.89, error = 0.93, z = -2.02, p = 0.043","7.166838",0
"189","CNAG_06574",7,166838,"ab","upstream","IL6","est = -0.5, error = 0.25, z = -2, p = 0.045","7.166838",1
"190","CNAG_06574",7,166838,"ab","upstream","IL7","est = -1.51, error = 0.68, z = -2.23, p = 0.026","7.166838",5
"191","CNAG_06574",7,166838,"ab","upstream","IL8","est = -1.12, error = 0.49, z = -2.26, p = 0.024","7.166838",5
"192","CNAG_06574",7,166838,"ab","upstream","IL12","est = -0.8, error = 0.38, z = -2.1, p = 0.036","7.166838",5
"193","CNAG_06574",7,166838,"ab","upstream","IL13","est = -1.05, error = 0.54, z = -1.97, p = 0.049","7.166838",2
"194","CNAG_06574",7,166838,"ab","upstream","IL17","est = -0.62, error = 0.31, z = -1.98, p = 0.048","7.166838",1
"195","CNAG_06574",7,166838,"ab","upstream","GMCSF","est = -1.15, error = 0.53, z = -2.17, p = 0.03","7.166838",4
"196","CNAG_06574",7,166838,"ab","upstream","IFNg","est = -0.53, error = 0.26, z = -2.07, p = 0.039","7.166838",53
"197","CNAG_06574",7,166838,"ab","upstream","MIP1b","est = -0.92, error = 0.44, z = -2.08, p = 0.038","7.166838",0
"198","CNAG_06574",7,166838,"ab","upstream","TNFa","est = -1.34, error = 0.55, z = -2.46, p = 0.014","7.166838",2
"199","CNAG_06574",7,167292,"ab","upstream","IL1b","est = -0.84, error = 0.42, z = -2.01, p = 0.045","7.167292",5
"200","CNAG_06574",7,167292,"ab","upstream","GCSF","est = 2.47, error = 1.04, z = 2.39, p = 0.017","7.167292",97
"201","CNAG_06574",7,167292,"ab","upstream","MIP1b","est = -1.19, error = 0.51, z = -2.35, p = 0.019","7.167292",2
"202","CNAG_06574",7,167292,"ab","upstream","uptake","est = -3.5, error = 1.58, z = -2.22, p = 0.027","7.167292",3
"203","CNAG_06574",7,167370,"ab","upstream","cd4","est = 0.09, error = 0.04, z = 2.23, p = 0.026","7.167370",1
"204","CNAG_06574",7,167370,"ab","upstream","uptake","est = -4.03, error = 1.67, z = -2.42, p = 0.016","7.167370",1
"205","CNAG_04373",9,706175,"b","upstream","survival_days","est = 0.01, error = 0, z = 2.55, p = 0.011","9.706175",14
"206","CNAG_04373",9,705343,"ab","upstream","IL8","est = 0.68, error = 0.32, z = 2.11, p = 0.035","9.705343",12
"207","CNAG_04373",9,705343,"ab","upstream","efa","est = 34.05, error = 14.04, z = 2.42, p = 0.015","9.705343",17
"208","CNAG_04100",9,7729,"b","upstream","growth","est = 11.04, error = 5.47, z = 2.02, p = 0.044","9.7729",1
"209","CNAG_04100",9,5213,"ab","upstream","adherence","est = 4.51, error = 2.17, z = 2.08, p = 0.038","9.5213",3
"210","CNAG_04100",9,5213,"ab","upstream","FLC","est = 0.05, error = 0.02, z = 2.05, p = 0.041","9.5213",1
"211","CNAG_04100",9,5213,"ab","upstream","SERT","est = -0.41, error = 0.17, z = -2.39, p = 0.017","9.5213",3
"212","CNAG_04100",9,8171,"ab","upstream","efa","est = -26.89, error = 13.08, z = -2.06, p = 0.04","9.8171",1
"213","CNAG_04100",9,8171,"ab","upstream","SERT","est = -0.32, error = 0.16, z = -2.06, p = 0.04","9.8171",0
"214","CNAG_06490",13,655915,"a","frameshift","hivrna","est = 0, error = 0, z = 2.5, p = 0.012","13.655915",0
"215","CNAG_06490",13,655915,"a","frameshift","cd4","est = 0.06, error = 0.03, z = 2.12, p = 0.034","13.655915",0
"216","CNAG_05450",14,342562,"a","ns","IL6","est = -0.29, error = 0.15, z = -2, p = 0.046","14.342562",73
"217","CNAG_05450",14,342562,"a","ns","IL7","est = -1.15, error = 0.54, z = -2.14, p = 0.032","14.342562",2
"218","CNAG_05450",14,342562,"a","ns","IL12","est = -0.63, error = 0.29, z = -2.19, p = 0.028","14.342562",1
"219","CNAG_05450",14,342562,"a","ns","IL13","est = -0.3, error = 0.13, z = -2.28, p = 0.023","14.342562",1
"220","CNAG_05450",14,342562,"a","ns","GCSF","est = 2.53, error = 0.95, z = 2.65, p = 0.008","14.342562",8
"221","CNAG_05450",14,342562,"a","ns","MIP1b","est = -1.17, error = 0.45, z = -2.58, p = 0.01","14.342562",1
"222","CNAG_06704",2,270700,"a","upstream","IL2","est = 0.37, error = 0.18, z = 2.03, p = 0.042","2.270700",2
"223","CNAG_06704",2,270700,"a","upstream","protein","est = 0, error = 0, z = -2.2, p = 0.028","2.270700",2
"224","CNAG_02798",3,750294,"a","upstream","cd4","est = 0.03, error = 0.01, z = 2.03, p = 0.042","3.750294",1
"225","CNAG_02798",3,750294,"a","upstream","AMP","est = -3.44, error = 1.74, z = -1.98, p = 0.048","3.750294",2
"226","CNAG_01371",5,475470,"a","UTR-5","MCP1","est = -0.59, error = 0.25, z = -2.32, p = 0.02","5.475470",0
"227","CNAG_01371",5,475470,"a","UTR-5","hivrna","est = 0, error = 0, z = 2.25, p = 0.025","5.475470",3
"228","CNAG_06876",5,7093,"a","UTR-3","IFNg","est = -0.64, error = 0.3, z = -2.11, p = 0.035","5.7093",0
"229","CNAG_06876",5,7093,"a","UTR-3","MIP1b","est = -0.81, error = 0.39, z = -2.08, p = 0.037","5.7093",0
"230","CNAG_06876",5,7093,"a","UTR-3","TNFa","est = -0.75, error = 0.35, z = -2.16, p = 0.031","5.7093",2
"231","CNAG_02177",6,990701,"a","upstream","IL1b","est = -1.03, error = 0.46, z = -2.26, p = 0.024","6.990701",60
"232","CNAG_02177",6,990701,"a","upstream","IL6","est = -0.37, error = 0.16, z = -2.3, p = 0.021","6.990701",56
"233","CNAG_02177",6,990701,"a","upstream","IL10","est = -1.26, error = 0.5, z = -2.49, p = 0.013","6.990701",2
"234","CNAG_05937",7,1263610,"a","UTR-5","uptake","est = -3.16, error = 1.52, z = -2.08, p = 0.038","7.1263610",15
"235","CNAG_05937",7,1263610,"a","UTR-5","SERT","est = 0.32, error = 0.15, z = 2.1, p = 0.036","7.1263610",1
"236","CNAG_07703",7,1341024,"a","ns","IL6","est = -0.47, error = 0.19, z = -2.42, p = 0.015","7.1341024",18
"237","CNAG_07703",7,1341024,"a","ns","IL8","est = -0.74, error = 0.34, z = -2.15, p = 0.032","7.1341024",5
"238","CNAG_12610",7,49744,"a","upstream","MCP1","est = -0.43, error = 0.21, z = -2.06, p = 0.039","7.49744",70
"239","CNAG_12610",7,49744,"a","upstream","uptake","est = -3.86, error = 1.77, z = -2.19, p = 0.029","7.49744",77
"240","CNAG_05746",7,752861,"a","UTR-3","IL17","est = -1.03, error = 0.43, z = -2.39, p = 0.017","7.752861",84
"241","CNAG_05746",7,752861,"a","UTR-3","GMCSF","est = -1.76, error = 0.76, z = -2.3, p = 0.021","7.752861",3
"242","CNAG_05746",7,752861,"a","UTR-3","MCP1","est = -1.33, error = 0.63, z = -2.12, p = 0.034","7.752861",3
"243","CNAG_05746",7,752861,"a","UTR-3","TNFa","est = -1.57, error = 0.7, z = -2.25, p = 0.024","7.752861",63
"244","CNAG_06968",8,1383765,"a","CODON_INSERTION","IL12","est = -0.58, error = 0.28, z = -2.07, p = 0.038","8.1383765",48
"245","CNAG_06968",8,1383765,"a","CODON_INSERTION","IL17","est = -0.8, error = 0.39, z = -2.05, p = 0.041","8.1383765",0
"246","CNAG_04102",9,10033,"a","UTR-3","GMCSF","est = -1.26, error = 0.57, z = -2.2, p = 0.028","9.10033",1
"247","CNAG_04102",9,10033,"a","UTR-3","efa","est = -35.91, error = 16.55, z = -2.17, p = 0.03","9.10033",0
"248","CNAG_04535",9,1115286,"a","upstream","IL17","est = -1.05, error = 0.45, z = -2.33, p = 0.02","9.1115286",1
"249","CNAG_04535",9,1115286,"a","upstream","GCSF","est = 1.67, error = 0.79, z = 2.11, p = 0.035","9.1115286",3
"250","CNAG_04535",9,1115286,"a","upstream","LFA_Titer","est = 2.05, error = 1.04, z = 1.97, p = 0.049","9.1115286",96
"251","CNAG_04535",9,1115286,"a","upstream","protein","est = 0, error = 0, z = -2.01, p = 0.044","9.1115286",0
"252","CNAG_04179",9,220963,"a","upstream","protein","est = 0, error = 0, z = 2.12, p = 0.034","9.220963",2
"253","CNAG_04179",9,220963,"a","upstream","efa","est = 39.6, error = 18.53, z = 2.14, p = 0.033","9.220963",63
"254","CNAG_04179",9,220963,"a","upstream","SERT","est = -0.4, error = 0.2, z = -1.96, p = 0.05","9.220963",2
"255","CNAG_08006",11,804710,"ab","UTR-5","IL4","est = -0.89, error = 0.42, z = -2.11, p = 0.035","11.804710",0
"256","CNAG_08006",11,804710,"ab","UTR-5","IL5","est = -1.13, error = 0.48, z = -2.33, p = 0.02","11.804710",7
"257","CNAG_08006",11,804710,"ab","UTR-5","IL6","est = -0.34, error = 0.17, z = -2.02, p = 0.043","11.804710",2
"258","CNAG_08006",11,804710,"ab","UTR-5","MIP1b","est = -0.93, error = 0.46, z = -2.04, p = 0.042","11.804710",1
"259","CNAG_08006",11,804710,"ab","UTR-5","TNFa","est = -1.07, error = 0.46, z = -2.35, p = 0.019","11.804710",82
"260","CNAG_08006",11,804710,"ab","UTR-5","adherence","est = -4.63, error = 2.32, z = -1.99, p = 0.046","11.804710",1
"261","CNAG_08006",11,804710,"ab","UTR-5","chitin","est = 0, error = 0, z = -1.99, p = 0.047","11.804710",0
"262","CNAG_08006",11,804742,"ab","UTR-5","IL4","est = -0.72, error = 0.34, z = -2.08, p = 0.038","11.804742",0
"263","CNAG_08006",11,804742,"ab","UTR-5","IFNg","est = -0.51, error = 0.25, z = -2.09, p = 0.036","11.804742",0
"264","CNAG_08006",11,804742,"ab","UTR-5","MCP1","est = -0.56, error = 0.26, z = -2.16, p = 0.031","11.804742",0
"265","CNAG_08006",11,804742,"ab","UTR-5","adherence","est = -6.75, error = 2.65, z = -2.54, p = 0.011","11.804742",1
"266","CNAG_07026",12,11092,"ab","upstream","IL1b","est = 0.85, error = 0.41, z = 2.06, p = 0.039","12.11092",1
"267","CNAG_07026",12,11092,"ab","upstream","IL13","est = 0.29, error = 0.14, z = 2.01, p = 0.045","12.11092",2
"268","CNAG_07026",12,11092,"ab","upstream","survival_days","est = 0.01, error = 0, z = 2.32, p = 0.02","12.11092",12
"269","CNAG_07026",12,11092,"ab","upstream","efa","est = -27.82, error = 13.37, z = -2.08, p = 0.037","12.11092",0
"270","CNAG_07026",12,11094,"ab","upstream","IL13","est = 0.34, error = 0.16, z = 2.06, p = 0.04","12.11094",0
"271","CNAG_07026",12,11094,"ab","upstream","LFA_Titer","est = -0.84, error = 0.42, z = -1.99, p = 0.047","12.11094",1
"272","CNAG_07026",12,11094,"ab","upstream","survival_days","est = 0.01, error = 0, z = 2, p = 0.046","12.11094",4
"273","CNAG_07026",12,11400,"ab","upstream","IL1b","est = -1, error = 0.47, z = -2.12, p = 0.034","12.11400",89
"274","CNAG_07026",12,11400,"ab","upstream","IL7","est = -1.32, error = 0.67, z = -1.99, p = 0.047","12.11400",83
"275","CNAG_07026",12,11400,"ab","upstream","IL13","est = -0.34, error = 0.17, z = -1.96, p = 0.05","12.11400",4
"276","CNAG_07026",12,11400,"ab","upstream","LFA_Titer","est = 1.36, error = 0.59, z = 2.32, p = 0.021","12.11400",98
"277","CNAG_07026",12,11406,"ab","upstream","IL1b","est = -1, error = 0.47, z = -2.12, p = 0.034","12.11406",3
"278","CNAG_07026",12,11406,"ab","upstream","IL7","est = -1.32, error = 0.67, z = -1.99, p = 0.047","12.11406",1
"279","CNAG_07026",12,11406,"ab","upstream","IL13","est = -0.34, error = 0.17, z = -1.96, p = 0.05","12.11406",1
"280","CNAG_07026",12,11406,"ab","upstream","LFA_Titer","est = 1.36, error = 0.59, z = 2.32, p = 0.021","12.11406",69
"281","CNAG_07026",12,11407,"ab","upstream","IL1b","est = -1, error = 0.47, z = -2.12, p = 0.034","12.11407",75
"282","CNAG_07026",12,11407,"ab","upstream","IL7","est = -1.32, error = 0.67, z = -1.99, p = 0.047","12.11407",2
"283","CNAG_07026",12,11407,"ab","upstream","IL13","est = -0.34, error = 0.17, z = -1.96, p = 0.05","12.11407",1
"284","CNAG_07026",12,11407,"ab","upstream","LFA_Titer","est = 1.36, error = 0.59, z = 2.32, p = 0.021","12.11407",0
"285","CNAG_07026",12,11410,"ab","upstream","IL1b","est = -1, error = 0.47, z = -2.12, p = 0.034","12.11410",66
"286","CNAG_07026",12,11410,"ab","upstream","IL7","est = -1.32, error = 0.67, z = -1.99, p = 0.047","12.11410",66
"287","CNAG_07026",12,11410,"ab","upstream","IL13","est = -0.34, error = 0.17, z = -1.96, p = 0.05","12.11410",2
"288","CNAG_07026",12,11410,"ab","upstream","LFA_Titer","est = 1.36, error = 0.59, z = 2.32, p = 0.021","12.11410",3
"289","CNAG_07026",12,11413,"ab","upstream","IL1b","est = -0.98, error = 0.47, z = -2.08, p = 0.038","12.11413",0
"290","CNAG_07026",12,11413,"ab","upstream","LFA_Titer","est = 1.36, error = 0.59, z = 2.32, p = 0.021","12.11413",0
"291","CNAG_13108",13,128625,"ab","upstream","IL13","est = -0.3, error = 0.15, z = -1.97, p = 0.049","13.128625",1
"292","CNAG_13108",13,128625,"ab","upstream","GCSF","est = 2.13, error = 0.96, z = 2.22, p = 0.026","13.128625",5
"293","CNAG_13108",13,128715,"ab","upstream","IL13","est = -0.53, error = 0.21, z = -2.55, p = 0.011","13.128715",5
"294","CNAG_13108",13,128715,"ab","upstream","GCSF","est = 2.08, error = 0.93, z = 2.23, p = 0.025","13.128715",5
"295","CNAG_13108",13,128729,"ab","upstream","IL13","est = -0.44, error = 0.2, z = -2.16, p = 0.031","13.128729",2
"296","CNAG_13108",13,128729,"ab","upstream","GCSF","est = 1.9, error = 0.94, z = 2.02, p = 0.043","13.128729",1
"297","CNAG_06525",7,11056,"ab","ns","IL5","est = 0.79, error = 0.36, z = 2.19, p = 0.028","7.11056",4
"298","CNAG_06525",7,11056,"ab","ns","IL10","est = 0.99, error = 0.46, z = 2.16, p = 0.031","7.11056",53
"299","CNAG_06525",7,14006,"ab","upstream","IL6","est = -0.36, error = 0.18, z = -2.03, p = 0.043","7.14006",0
"300","CNAG_06525",7,14006,"ab","upstream","IL8","est = -0.71, error = 0.35, z = -2.04, p = 0.041","7.14006",2
"301","CNAG_05913",7,1205599,"ab","upstream","MIP1b","est = 0.82, error = 0.4, z = 2.07, p = 0.039","7.1205599",5
"302","CNAG_05913",7,1205599,"ab","upstream","adherence","est = 4.49, error = 2, z = 2.25, p = 0.025","7.1205599",97
"303","CNAG_05913",7,1205600,"ab","upstream","IL13","est = 0.26, error = 0.13, z = 1.98, p = 0.048","7.1205600",2
"304","CNAG_05913",7,1205600,"ab","upstream","IL17","est = 0.86, error = 0.43, z = 2.01, p = 0.044","7.1205600",3
"305","CNAG_05913",7,1205600,"ab","upstream","MIP1b","est = 0.83, error = 0.4, z = 2.08, p = 0.038","7.1205600",1
"306","CNAG_05913",7,1205600,"ab","upstream","adherence","est = 4.46, error = 2, z = 2.23, p = 0.026","7.1205600",1
