"","gene","chr","pos","class","effect","pheno","stats","numExtreme","bootstrap_num_extreme"
"1","CNAG_00014",1,47564,"b","ns","GCSF","est = -1.53, error = 0.76, z = -2, p = 0.045",28,28
"2","CNAG_00014",1,47575,"b","ns","GCSF","est = -1.62, error = 0.78, z = -2.08, p = 0.038",36,36
"3","CNAG_00014",1,47671,"b","ns","GMCSF","est = 1.15, error = 0.49, z = 2.35, p = 0.019",53,53
"4","CNAG_00363",1,927896,"b","ns","IL2","est = 0.57, error = 0.27, z = 2.09, p = 0.036",4,4
"5","CNAG_00363",1,927901,"b","ns","IL2","est = 0.57, error = 0.27, z = 2.09, p = 0.036",6,6
"6","CNAG_07950",1,975397,"b","upstream","efa","est = -31.27, error = 13.51, z = -2.32, p = 0.021",2,2
"7","CNAG_07950",1,975152,"ab","upstream","IL8","est = 0.98, error = 0.44, z = 2.23, p = 0.026",4,4
"8","CNAG_07950",1,975152,"ab","upstream","hivrna","est = 0, error = 0, z = 1.98, p = 0.048",13,13
"9","CNAG_07950",1,975212,"ab","upstream","IL4","est = -0.79, error = 0.36, z = -2.21, p = 0.027",4,4
"10","CNAG_07950",1,975212,"ab","upstream","IL6","est = -0.43, error = 0.17, z = -2.48, p = 0.013",0,0
"11","CNAG_07950",1,975212,"ab","upstream","IL8","est = -1.13, error = 0.43, z = -2.62, p = 0.009",0,0
"12","CNAG_07950",1,975212,"ab","upstream","GMCSF","est = -0.92, error = 0.42, z = -2.17, p = 0.03",205,205
"13","CNAG_07950",1,975212,"ab","upstream","IFNg","est = -0.67, error = 0.31, z = -2.18, p = 0.029",1,1
"14","CNAG_07950",1,975212,"ab","upstream","FLC","est = -0.06, error = 0.03, z = -2.11, p = 0.034",0,0
"15","CNAG_07837",10,13558,"b","UTR-5","IL2","est = 0.4, error = 0.19, z = 2.06, p = 0.039",7,7
"16","CNAG_07837",10,15288,"b","UTR-3","csf_wbc","est = 0.01, error = 0.01, z = 2.01, p = 0.044",17,17
"17","CNAG_07837",10,15302,"b","UTR-3","cd4","est = -0.19, error = 0.1, z = -1.96, p = 0.049",0,0
"18","CNAG_04922",10,18908,"b","upstream","IL2","est = -0.49, error = 0.22, z = -2.2, p = 0.028",4,4
"19","CNAG_04922",10,18915,"b","upstream","IL2","est = -0.49, error = 0.22, z = -2.2, p = 0.028",3,3
"20","CNAG_04922",10,18933,"b","upstream","IL2","est = -0.46, error = 0.22, z = -2.11, p = 0.035",9,9
"21","CNAG_04922",10,18941,"b","upstream","IL2","est = -0.46, error = 0.22, z = -2.09, p = 0.036",10,10
"22","CNAG_01802",11,966644,"b","upstream","csf_wbc","est = 0.01, error = 0.01, z = 2.37, p = 0.018",1,1
"23","CNAG_01802",11,966669,"b","upstream","IL2","est = 0.43, error = 0.22, z = 1.96, p = 0.05",11,11
"24","CNAG_01802",11,966700,"b","upstream","IL7","est = -1.04, error = 0.52, z = -2, p = 0.045",8,8
"25","CNAG_05987",12,14009,"b","ns","IL2","est = -0.55, error = 0.23, z = -2.34, p = 0.019",0,0
"26","CNAG_05987",12,14035,"b","ns","IL2","est = 0.43, error = 0.2, z = 2.13, p = 0.034",5,5
"27","CNAG_05987",12,14125,"b","CODON_CHANGE_PLUS_CODON_DELETION","chitin","est = 0, error = 0, z = 2.14, p = 0.033",126,126
"28","CNAG_05987",12,15014,"b","UTR-5","adherence","est = 5.03, error = 2.33, z = 2.16, p = 0.031",132,132
"29","CNAG_05987",12,14197,"ab","ns","efa","est = 34.56, error = 17.31, z = 2, p = 0.046",9,9
"30","CNAG_05987",12,14197,"ab","ns","adherence","est = 5.38, error = 2.7, z = 1.99, p = 0.046",39,39
"31","CNAG_05987",12,14202,"ab","frameshift","efa","est = 34.56, error = 17.31, z = 2, p = 0.046",8,8
"32","CNAG_05987",12,14202,"ab","frameshift","adherence","est = 5.38, error = 2.7, z = 1.99, p = 0.046",36,36
"33","CNAG_06169",12,502808,"b","UTR-3","IL8","est = -0.7, error = 0.34, z = -2.09, p = 0.037",4,4
"34","CNAG_06169",12,503311,"b","UTR-3","GCSF","est = -1.92, error = 0.86, z = -2.23, p = 0.025",170,170
"35","CNAG_06169",12,502888,"ab","UTR-3","GMCSF","est = -0.84, error = 0.42, z = -2, p = 0.046",204,204
"36","CNAG_06169",12,502888,"ab","UTR-3","growth","est = 13.36, error = 6.58, z = 2.03, p = 0.042",141,141
"37","CNAG_06169",12,502890,"ab","UTR-3","IL6","est = -0.37, error = 0.18, z = -2.09, p = 0.037",4,4
"38","CNAG_06169",12,502890,"ab","UTR-3","IL8","est = -0.65, error = 0.33, z = -1.97, p = 0.049",7,7
"39","CNAG_06169",12,502890,"ab","UTR-3","GMCSF","est = -1.03, error = 0.47, z = -2.17, p = 0.03",160,160
"40","CNAG_06169",12,503049,"ab","UTR-3","GMCSF","est = 0.99, error = 0.48, z = 2.08, p = 0.037",118,118
"41","CNAG_06169",12,503049,"ab","UTR-3","hivrna","est = 0, error = 0, z = 2.19, p = 0.028",1,1
"42","CNAG_06169",12,503112,"ab","UTR-3","hivrna","est = 0, error = 0, z = -2.16, p = 0.031",1,1
"43","CNAG_06169",12,503112,"ab","UTR-3","csf_wbc","est = 0.02, error = 0.01, z = 2.2, p = 0.028",2,2
"44","CNAG_06169",12,503313,"ab","UTR-3","IL12","est = 0.58, error = 0.28, z = 2.03, p = 0.042",9,9
"45","CNAG_06169",12,503313,"ab","UTR-3","IL13","est = 0.28, error = 0.14, z = 2.04, p = 0.041",10,10
"46","CNAG_06169",12,503313,"ab","UTR-3","GCSF","est = -1.97, error = 0.87, z = -2.26, p = 0.024",237,237
"47","CNAG_06169",12,503321,"ab","UTR-3","IL12","est = 0.89, error = 0.35, z = 2.52, p = 0.012",1,1
"48","CNAG_06169",12,503321,"ab","UTR-3","IL13","est = 0.31, error = 0.14, z = 2.23, p = 0.026",8,8
"49","CNAG_06169",12,503321,"ab","UTR-3","GCSF","est = -1.92, error = 0.89, z = -2.15, p = 0.031",136,136
"50","CNAG_06169",12,503321,"ab","UTR-3","MIP1b","est = 0.82, error = 0.4, z = 2.04, p = 0.041",6,6
"51","CNAG_06169",12,503327,"ab","UTR-3","IL12","est = 0.81, error = 0.34, z = 2.38, p = 0.017",5,5
"52","CNAG_06169",12,503327,"ab","UTR-3","IL13","est = 0.27, error = 0.13, z = 2.01, p = 0.044",10,10
"53","CNAG_06169",12,503327,"ab","UTR-3","MIP1b","est = 0.77, error = 0.39, z = 1.97, p = 0.049",5,5
"54","CNAG_06169",12,503401,"ab","UTR-3","IL10","est = 1.05, error = 0.46, z = 2.26, p = 0.024",1,1
"55","CNAG_06169",12,503401,"ab","UTR-3","chitin","est = 0, error = 0, z = 2.02, p = 0.044",205,205
"56","CNAG_06256",13,11130,"b","upstream","TNFa","est = -0.87, error = 0.35, z = -2.45, p = 0.014",1,1
"57","CNAG_06256",13,11108,"ab","upstream","IL12","est = -1.5, error = 0.75, z = -2.01, p = 0.044",1,1
"58","CNAG_06256",13,11108,"ab","upstream","IFNg","est = -0.84, error = 0.38, z = -2.22, p = 0.026",0,0
"59","CNAG_06256",13,11108,"ab","upstream","MCP1","est = -1.43, error = 0.67, z = -2.13, p = 0.033",2,2
"60","CNAG_06256",13,11108,"ab","upstream","MIP1b","est = -1.15, error = 0.53, z = -2.17, p = 0.03",3,3
"61","CNAG_06256",13,11108,"ab","upstream","TNFa","est = -1.07, error = 0.51, z = -2.09, p = 0.036",5,5
"62","CNAG_06256",13,11118,"ab","upstream","IFNg","est = -0.51, error = 0.24, z = -2.1, p = 0.036",2,2
"63","CNAG_06256",13,11118,"ab","upstream","TNFa","est = -0.8, error = 0.36, z = -2.21, p = 0.027",4,4
"64","CNAG_06332",13,219021,"b","upstream","adherence","est = 7.45, error = 3.38, z = 2.2, p = 0.027",40,40
"65","CNAG_06332",13,219311,"b","upstream","efa","est = 66.96, error = 26.13, z = 2.56, p = 0.01",0,0
"66","CNAG_06332",13,219312,"b","upstream","efa","est = 81.06, error = 32.58, z = 2.49, p = 0.013",0,0
"67","CNAG_06422",13,436551,"b","UTR-5","IL2","est = 0.4, error = 0.19, z = 2.06, p = 0.039",5,5
"68","CNAG_06422",13,436554,"b","UTR-5","IL2","est = 0.4, error = 0.19, z = 2.06, p = 0.039",5,5
"69","CNAG_05661",14,909638,"b","upstream","adherence","est = 4.47, error = 1.99, z = 2.24, p = 0.025",246,246
"70","CNAG_05661",14,910152,"b","upstream","uptake","est = -3.29, error = 1.51, z = -2.17, p = 0.03",209,209
"71","CNAG_05661",14,908850,"ab","upstream","IL8","est = -0.62, error = 0.3, z = -2.06, p = 0.039",2,2
"72","CNAG_05661",14,908850,"ab","upstream","GMCSF","est = -0.95, error = 0.42, z = -2.25, p = 0.024",208,208
"73","CNAG_05661",14,908850,"ab","upstream","IFNg","est = -0.5, error = 0.24, z = -2.05, p = 0.041",6,6
"74","CNAG_05661",14,908850,"ab","upstream","MCP1","est = -0.44, error = 0.2, z = -2.2, p = 0.028",4,4
"75","CNAG_05661",14,908994,"ab","upstream","MIP1b","est = 1.28, error = 0.65, z = 1.96, p = 0.05",2,2
"76","CNAG_05661",14,908994,"ab","upstream","uptake","est = 4.5, error = 2.26, z = 1.99, p = 0.046",177,177
"77","CNAG_05661",14,908994,"ab","upstream","FLC","est = 0.05, error = 0.02, z = 2.21, p = 0.027",157,157
"78","CNAG_05661",14,909011,"ab","upstream","IL1b","est = 1.02, error = 0.49, z = 2.08, p = 0.038",3,3
"79","CNAG_05661",14,909011,"ab","upstream","IL8","est = 0.89, error = 0.43, z = 2.07, p = 0.038",2,2
"80","CNAG_05661",14,909011,"ab","upstream","MIP1b","est = 1.62, error = 0.75, z = 2.16, p = 0.031",1,1
"81","CNAG_05661",14,909011,"ab","upstream","uptake","est = 5.05, error = 2.3, z = 2.19, p = 0.028",188,188
"82","CNAG_05661",14,909011,"ab","upstream","FLC","est = 0.05, error = 0.02, z = 2.01, p = 0.045",175,175
"83","CNAG_05661",14,910181,"ab","upstream","IL1b","est = -0.86, error = 0.42, z = -2.05, p = 0.04",9,9
"84","CNAG_05661",14,910181,"ab","upstream","IL6","est = -0.32, error = 0.15, z = -2.05, p = 0.04",7,7
"85","CNAG_05661",14,910181,"ab","upstream","IFNg","est = -0.72, error = 0.33, z = -2.19, p = 0.028",0,0
"86","CNAG_05661",14,910181,"ab","upstream","hivrna","est = 0, error = 0, z = 2.16, p = 0.031",6,6
"87","CNAG_05663",14,910323,"b","downstream","TNFa","est = -0.69, error = 0.31, z = -2.22, p = 0.026",1,1
"88","CNAG_05663",14,910555,"b","downstream","Survival","est = 0, error = 0, z = -2.06, p = 0.039",11,11
"89","CNAG_05663",14,910328,"ab","downstream","IL1b","est = -0.84, error = 0.41, z = -2.04, p = 0.041",6,6
"90","CNAG_05663",14,910328,"ab","downstream","IL13","est = -0.28, error = 0.14, z = -2, p = 0.045",8,8
"91","CNAG_05663",14,910328,"ab","downstream","TNFa","est = -0.8, error = 0.33, z = -2.42, p = 0.015",1,1
"92","CNAG_05662",14,910742,"b","UTR-3","AMP","est = 2.56, error = 1.3, z = 1.96, p = 0.05",1,1
"93","CNAG_05662",14,910834,"b","downstream","Survival","est = -0.01, error = 0, z = -2.12, p = 0.034",8,8
"94","CNAG_05662",14,910926,"b","downstream","SERT","est = -0.36, error = 0.18, z = -1.99, p = 0.046",141,141
"95","CNAG_05662",14,910966,"b","downstream","Survival","est = -0.01, error = 0, z = -2.77, p = 0.006",5,5
"96","CNAG_05662",14,911262,"b","downstream","MCP1","est = 0.49, error = 0.24, z = 2.06, p = 0.039",5,5
"97","CNAG_05662",14,911292,"b","downstream","IL2","est = 0.51, error = 0.25, z = 2, p = 0.045",5,5
"98","CNAG_05662",14,911308,"b","downstream","adherence","est = 5.43, error = 2.43, z = 2.23, p = 0.025",240,240
"99","CNAG_05662",14,911321,"b","downstream","IL5","est = 0.67, error = 0.33, z = 2.02, p = 0.043",4,4
"100","CNAG_05662",14,911352,"b","downstream","MCP1","est = -0.4, error = 0.2, z = -1.98, p = 0.048",10,10
"101","CNAG_05662",14,910822,"ab","downstream","Survival","est = -0.01, error = 0, z = -2.32, p = 0.02",6,6
"102","CNAG_05662",14,910822,"ab","downstream","FLC","est = 0.05, error = 0.02, z = 1.98, p = 0.047",10,10
"103","CNAG_05662",14,910939,"ab","downstream","growth","est = 15.73, error = 7.41, z = 2.12, p = 0.034",68,68
"104","CNAG_05662",14,910939,"ab","downstream","SERT","est = -0.5, error = 0.25, z = -2.01, p = 0.044",74,74
"105","CNAG_05662",14,910964,"ab","downstream","Survival","est = -0.01, error = 0, z = -2.68, p = 0.007",0,0
"106","CNAG_05662",14,910964,"ab","downstream","AMP","est = -2.75, error = 1.39, z = -1.97, p = 0.048",1,1
"107","CNAG_05662",14,910979,"ab","downstream","Survival","est = 0, error = 0, z = -2.01, p = 0.045",8,8
"108","CNAG_05662",14,910979,"ab","downstream","uptake","est = -3.3, error = 1.6, z = -2.06, p = 0.04",241,241
"109","CNAG_05662",14,911099,"ab","downstream","IL12","est = 0.68, error = 0.33, z = 2.04, p = 0.041",6,6
"110","CNAG_05662",14,911099,"ab","downstream","GMCSF","est = 0.86, error = 0.43, z = 1.98, p = 0.048",95,95
"111","CNAG_05662",14,911099,"ab","downstream","MCP1","est = 0.51, error = 0.22, z = 2.32, p = 0.021",2,2
"112","CNAG_05662",14,911099,"ab","downstream","TNFa","est = 0.76, error = 0.37, z = 2.04, p = 0.042",7,7
"113","CNAG_05662",14,911099,"ab","downstream","growth","est = 12.72, error = 6.23, z = 2.04, p = 0.041",75,75
"114","CNAG_05662",14,911129,"ab","downstream","IL12","est = 0.84, error = 0.34, z = 2.44, p = 0.015",1,1
"115","CNAG_05662",14,911129,"ab","downstream","IL13","est = 0.31, error = 0.14, z = 2.26, p = 0.024",2,2
"116","CNAG_05662",14,911129,"ab","downstream","IL17","est = 0.98, error = 0.44, z = 2.23, p = 0.026",1,1
"117","CNAG_05662",14,911129,"ab","downstream","MIP1b","est = 0.74, error = 0.36, z = 2.06, p = 0.039",5,5
"118","CNAG_05662",14,911129,"ab","downstream","TNFa","est = 0.82, error = 0.35, z = 2.35, p = 0.019",2,2
"119","CNAG_05662",14,911129,"ab","downstream","growth","est = 18.94, error = 8.15, z = 2.32, p = 0.02",77,77
"120","CNAG_05662",14,911129,"ab","downstream","FLC","est = 0.07, error = 0.03, z = 2.11, p = 0.035",67,67
"121","CNAG_05662",14,911129,"ab","downstream","AMP","est = -2.7, error = 1.36, z = -1.98, p = 0.048",67,67
"122","CNAG_05662",14,911129,"ab","downstream","SERT","est = -0.55, error = 0.25, z = -2.25, p = 0.025",72,72
"123","CNAG_05662",14,911206,"ab","downstream","IL8","est = 0.64, error = 0.32, z = 1.98, p = 0.048",7,7
"124","CNAG_05662",14,911206,"ab","downstream","MCP1","est = 0.63, error = 0.24, z = 2.6, p = 0.009",1,1
"125","CNAG_05662",14,911206,"ab","downstream","MIP1b","est = 0.77, error = 0.38, z = 1.99, p = 0.046",9,9
"126","CNAG_13204",14,924025,"b","upstream","GMCSF","est = 1.16, error = 0.49, z = 2.37, p = 0.018",234,234
"127","CNAG_13204",14,924047,"b","upstream","IL13","est = 0.34, error = 0.14, z = 2.4, p = 0.017",2,2
"128","CNAG_13204",14,924049,"b","upstream","IL13","est = 0.34, error = 0.14, z = 2.4, p = 0.017",1,1
"129","CNAG_13204",14,924050,"b","upstream","IL13","est = 0.34, error = 0.14, z = 2.4, p = 0.017",2,2
"130","CNAG_05185",4,667446,"b","UTR-5","uptake","est = -3.43, error = 1.49, z = -2.3, p = 0.021",127,127
"131","CNAG_05185",4,667433,"ab","UTR-5","Survival","est = -0.01, error = 0, z = -2.25, p = 0.024",5,5
"132","CNAG_05185",4,667433,"ab","UTR-5","uptake","est = -3.76, error = 1.55, z = -2.42, p = 0.016",117,117
"133","CNAG_01241",5,836479,"b","upstream","IL2","est = 0.68, error = 0.28, z = 2.46, p = 0.014",1,1
"134","CNAG_01241",5,836697,"ab","upstream","IL4","est = 0.66, error = 0.32, z = 2.06, p = 0.039",3,3
"135","CNAG_01241",5,836697,"ab","upstream","IL5","est = 1.03, error = 0.4, z = 2.55, p = 0.011",0,0
"136","CNAG_01241",5,836697,"ab","upstream","IL7","est = 1.11, error = 0.53, z = 2.1, p = 0.036",3,3
"137","CNAG_01241",5,836697,"ab","upstream","IL17","est = 0.75, error = 0.38, z = 1.99, p = 0.047",8,8
"138","CNAG_01241",5,836697,"ab","upstream","GMCSF","est = 1.16, error = 0.47, z = 2.45, p = 0.014",220,220
"139","CNAG_01241",5,836697,"ab","upstream","TNFa","est = 0.83, error = 0.35, z = 2.4, p = 0.017",4,4
"140","CNAG_01241",5,836697,"ab","upstream","chitin","est = 0, error = 0, z = 2.14, p = 0.032",40,40
"141","CNAG_01241",5,836899,"ab","upstream","IL5","est = -1.74, error = 0.82, z = -2.11, p = 0.035",1,1
"142","CNAG_01241",5,836899,"ab","upstream","IL12","est = -1.21, error = 0.51, z = -2.38, p = 0.017",0,0
"143","CNAG_01241",5,836899,"ab","upstream","IL13","est = -0.96, error = 0.44, z = -2.19, p = 0.028",0,0
"144","CNAG_01241",5,836899,"ab","upstream","IL17","est = -0.79, error = 0.35, z = -2.25, p = 0.025",5,5
"145","CNAG_01241",5,836899,"ab","upstream","GCSF","est = 2.53, error = 1.13, z = 2.24, p = 0.025",15,15
"146","CNAG_01241",5,836899,"ab","upstream","TNFa","est = -1.08, error = 0.44, z = -2.43, p = 0.015",2,2
"147","CNAG_02112",6,1160524,"b","upstream","AMP","est = 2.56, error = 1.29, z = 1.99, p = 0.046",2,2
"148","CNAG_02112",6,1160528,"b","upstream","AMP","est = 2.56, error = 1.29, z = 1.99, p = 0.046",1,1
"149","CNAG_02112",6,1160532,"b","upstream","AMP","est = 2.56, error = 1.29, z = 1.99, p = 0.046",2,2
"150","CNAG_02475",6,221275,"b","upstream","growth","est = 29.86, error = 11.78, z = 2.54, p = 0.011",9,9
"151","CNAG_02475",6,221282,"b","upstream","growth","est = 13.45, error = 6.54, z = 2.06, p = 0.04",25,25
"152","CNAG_02475",6,221273,"ab","upstream","IL7","est = 1.07, error = 0.53, z = 2.02, p = 0.043",3,3
"153","CNAG_02475",6,221273,"ab","upstream","growth","est = 28.54, error = 11.67, z = 2.45, p = 0.014",25,25
"154","CNAG_02176",6,988843,"b","ns","MIP1b","est = -0.79, error = 0.36, z = -2.18, p = 0.029",2,2
"155","CNAG_02176",6,988922,"b","ns","LFA_Titer","est = -0.92, error = 0.45, z = -2.02, p = 0.043",240,240
"156","CNAG_02176",6,989188,"b","ns","IL12","est = 0.56, error = 0.29, z = 1.97, p = 0.049",11,11
"157","CNAG_02176",6,989334,"b","ns","AMP","est = -3.16, error = 1.58, z = -2, p = 0.045",188,188
"158","CNAG_02176",6,989732,"b","ns","IL2","est = 0.43, error = 0.21, z = 2, p = 0.046",6,6
"159","CNAG_02176",6,990777,"b","STOP_GAINED","MIP1b","est = -0.73, error = 0.36, z = -2.04, p = 0.041",9,9
"160","CNAG_02176",6,990885,"b","start+","SERT","est = -0.31, error = 0.15, z = -2.04, p = 0.042",6,6
"161","CNAG_02176",6,988405,"ab","UTR-3","chitin","est = 0, error = 0, z = -1.99, p = 0.047",214,214
"162","CNAG_02176",6,988405,"ab","UTR-3","SERT","est = -0.29, error = 0.15, z = -2, p = 0.046",230,230
"163","CNAG_02176",6,988733,"ab","STOP_GAINED","IL1b","est = -0.88, error = 0.41, z = -2.13, p = 0.033",6,6
"164","CNAG_02176",6,988733,"ab","STOP_GAINED","IL13","est = -0.27, error = 0.13, z = -2.08, p = 0.038",4,4
"165","CNAG_02176",6,988733,"ab","STOP_GAINED","MCP1","est = -0.51, error = 0.22, z = -2.34, p = 0.019",0,0
"166","CNAG_02176",6,988733,"ab","STOP_GAINED","MIP1b","est = -1.3, error = 0.48, z = -2.69, p = 0.007",0,0
"167","CNAG_02176",6,989490,"ab","ns","hivrna","est = 0, error = 0, z = -2.15, p = 0.032",4,4
"168","CNAG_02176",6,989490,"ab","ns","SERT","est = -0.41, error = 0.19, z = -2.21, p = 0.027",10,10
"169","CNAG_02176",6,990771,"ab","ns","IL10","est = -0.95, error = 0.47, z = -2.03, p = 0.042",9,9
"170","CNAG_02176",6,990771,"ab","ns","MIP1b","est = -0.72, error = 0.36, z = -2, p = 0.045",8,8
"171","CNAG_02176",6,990851,"ab","ns","IL10","est = -0.95, error = 0.48, z = -1.97, p = 0.049",12,12
"172","CNAG_02176",6,990851,"ab","ns","MIP1b","est = -0.81, error = 0.37, z = -2.18, p = 0.029",4,4
"173","CNAG_02176",6,991027,"ab","UTR-5","IL13","est = -0.38, error = 0.18, z = -2.11, p = 0.034",5,5
"174","CNAG_02176",6,991027,"ab","UTR-5","TNFa","est = -0.68, error = 0.34, z = -2.03, p = 0.042",5,5
"175","CNAG_02176",6,991027,"ab","UTR-5","Survival","est = -0.01, error = 0, z = -2.58, p = 0.01",1,1
"176","CNAG_06574",7,164473,"b","upstream","hivrna","est = 0, error = 0, z = -1.98, p = 0.047",8,8
"177","CNAG_06574",7,165027,"b","upstream","MIP1b","est = -0.92, error = 0.41, z = -2.24, p = 0.025",3,3
"178","CNAG_06574",7,165873,"b","upstream","IL13","est = 0.29, error = 0.14, z = 2.07, p = 0.039",3,3
"179","CNAG_06574",7,166309,"b","upstream","growth","est = 15.66, error = 7.49, z = 2.09, p = 0.037",161,161
"180","CNAG_06574",7,167135,"b","upstream","IL13","est = -0.38, error = 0.15, z = -2.54, p = 0.011",1,1
"181","CNAG_06574",7,167224,"b","upstream","GMCSF","est = -1.06, error = 0.49, z = -2.17, p = 0.03",127,127
"182","CNAG_06574",7,164887,"ab","upstream","IL2","est = 0.49, error = 0.24, z = 2.08, p = 0.038",3,3
"183","CNAG_06574",7,164887,"ab","upstream","TNFa","est = -0.63, error = 0.31, z = -2.05, p = 0.04",5,5
"184","CNAG_06574",7,164926,"ab","upstream","IL2","est = -0.58, error = 0.27, z = -2.16, p = 0.031",7,7
"185","CNAG_06574",7,164926,"ab","upstream","MIP1b","est = 0.78, error = 0.36, z = 2.15, p = 0.031",4,4
"186","CNAG_06574",7,165704,"ab","upstream","Survival","est = 0, error = 0, z = 2, p = 0.045",5,5
"187","CNAG_06574",7,165704,"ab","upstream","efa","est = -25.89, error = 12.75, z = -2.03, p = 0.042",6,6
"188","CNAG_06574",7,166838,"ab","upstream","IL5","est = -1.89, error = 0.93, z = -2.02, p = 0.043",1,1
"189","CNAG_06574",7,166838,"ab","upstream","IL6","est = -0.5, error = 0.25, z = -2, p = 0.045",4,4
"190","CNAG_06574",7,166838,"ab","upstream","IL7","est = -1.51, error = 0.68, z = -2.23, p = 0.026",0,0
"191","CNAG_06574",7,166838,"ab","upstream","IL8","est = -1.12, error = 0.49, z = -2.26, p = 0.024",3,3
"192","CNAG_06574",7,166838,"ab","upstream","IL12","est = -0.8, error = 0.38, z = -2.1, p = 0.036",5,5
"193","CNAG_06574",7,166838,"ab","upstream","IL13","est = -1.05, error = 0.54, z = -1.97, p = 0.049",1,1
"194","CNAG_06574",7,166838,"ab","upstream","IL17","est = -0.62, error = 0.31, z = -1.98, p = 0.048",12,12
"195","CNAG_06574",7,166838,"ab","upstream","GMCSF","est = -1.15, error = 0.53, z = -2.17, p = 0.03",53,53
"196","CNAG_06574",7,166838,"ab","upstream","IFNg","est = -0.53, error = 0.26, z = -2.07, p = 0.039",2,2
"197","CNAG_06574",7,166838,"ab","upstream","MIP1b","est = -0.92, error = 0.44, z = -2.08, p = 0.038",4,4
"198","CNAG_06574",7,166838,"ab","upstream","TNFa","est = -1.34, error = 0.55, z = -2.46, p = 0.014",0,0
"199","CNAG_06574",7,167292,"ab","upstream","IL1b","est = -0.84, error = 0.42, z = -2.01, p = 0.045",8,8
"200","CNAG_06574",7,167292,"ab","upstream","GCSF","est = 2.47, error = 1.04, z = 2.39, p = 0.017",198,198
"201","CNAG_06574",7,167292,"ab","upstream","MIP1b","est = -1.19, error = 0.51, z = -2.35, p = 0.019",1,1
"202","CNAG_06574",7,167292,"ab","upstream","uptake","est = -3.5, error = 1.58, z = -2.22, p = 0.027",227,227
"203","CNAG_06574",7,167370,"ab","upstream","cd4","est = 0.09, error = 0.04, z = 2.23, p = 0.026",0,0
"204","CNAG_06574",7,167370,"ab","upstream","uptake","est = -4.03, error = 1.67, z = -2.42, p = 0.016",83,83
"205","CNAG_04373",9,706175,"b","upstream","Survival","est = 0.01, error = 0, z = 2.55, p = 0.011",1,1
"206","CNAG_04373",9,705343,"ab","upstream","IL8","est = 0.68, error = 0.32, z = 2.11, p = 0.035",2,2
"207","CNAG_04373",9,705343,"ab","upstream","efa","est = 34.05, error = 14.04, z = 2.42, p = 0.015",3,3
"208","CNAG_04100",9,7729,"b","upstream","growth","est = 11.04, error = 5.47, z = 2.02, p = 0.044",53,53
"209","CNAG_04100",9,5213,"ab","upstream","adherence","est = 4.51, error = 2.17, z = 2.08, p = 0.038",144,144
"210","CNAG_04100",9,5213,"ab","upstream","FLC","est = 0.05, error = 0.02, z = 2.05, p = 0.041",136,136
"211","CNAG_04100",9,5213,"ab","upstream","SERT","est = -0.41, error = 0.17, z = -2.39, p = 0.017",134,134
"212","CNAG_04100",9,8171,"ab","upstream","efa","est = -26.89, error = 13.08, z = -2.06, p = 0.04",6,6
"213","CNAG_04100",9,8171,"ab","upstream","SERT","est = -0.32, error = 0.16, z = -2.06, p = 0.04",10,10
"214","CNAG_06490",13,655915,"a","frameshift","hivrna","est = 0, error = 0, z = 2.5, p = 0.012",3,3
"215","CNAG_06490",13,655915,"a","frameshift","cd4","est = 0.06, error = 0.03, z = 2.12, p = 0.034",2,2
"216","CNAG_05450",14,342562,"a","ns","IL6","est = -0.29, error = 0.15, z = -2, p = 0.046",7,7
"217","CNAG_05450",14,342562,"a","ns","IL7","est = -1.15, error = 0.54, z = -2.14, p = 0.032",2,2
"218","CNAG_05450",14,342562,"a","ns","IL12","est = -0.63, error = 0.29, z = -2.19, p = 0.028",6,6
"219","CNAG_05450",14,342562,"a","ns","IL13","est = -0.3, error = 0.13, z = -2.28, p = 0.023",8,8
"220","CNAG_05450",14,342562,"a","ns","GCSF","est = 2.53, error = 0.95, z = 2.65, p = 0.008",32,32
"221","CNAG_05450",14,342562,"a","ns","MIP1b","est = -1.17, error = 0.45, z = -2.58, p = 0.01",0,0
"222","CNAG_06704",2,270700,"a","upstream","IL2","est = 0.37, error = 0.18, z = 2.03, p = 0.042",11,11
"223","CNAG_06704",2,270700,"a","upstream","protein","est = 0, error = 0, z = -2.2, p = 0.028",7,7
"224","CNAG_02798",3,750294,"a","upstream","cd4","est = 0.03, error = 0.01, z = 2.03, p = 0.042",6,6
"225","CNAG_02798",3,750294,"a","upstream","AMP","est = -3.44, error = 1.74, z = -1.98, p = 0.048",10,10
"226","CNAG_01371",5,475470,"a","UTR-5","MCP1","est = -0.59, error = 0.25, z = -2.32, p = 0.02",1,1
"227","CNAG_01371",5,475470,"a","UTR-5","hivrna","est = 0, error = 0, z = 2.25, p = 0.025",5,5
"228","CNAG_06876",5,7093,"a","UTR-3","IFNg","est = -0.64, error = 0.3, z = -2.11, p = 0.035",6,6
"229","CNAG_06876",5,7093,"a","UTR-3","MIP1b","est = -0.81, error = 0.39, z = -2.08, p = 0.037",3,3
"230","CNAG_06876",5,7093,"a","UTR-3","TNFa","est = -0.75, error = 0.35, z = -2.16, p = 0.031",3,3
"231","CNAG_02177",6,990701,"a","upstream","IL1b","est = -1.03, error = 0.46, z = -2.26, p = 0.024",2,2
"232","CNAG_02177",6,990701,"a","upstream","IL6","est = -0.37, error = 0.16, z = -2.3, p = 0.021",6,6
"233","CNAG_02177",6,990701,"a","upstream","IL10","est = -1.26, error = 0.5, z = -2.49, p = 0.013",2,2
"234","CNAG_05937",7,1263610,"a","UTR-5","uptake","est = -3.16, error = 1.52, z = -2.08, p = 0.038",139,139
"235","CNAG_05937",7,1263610,"a","UTR-5","SERT","est = 0.32, error = 0.15, z = 2.1, p = 0.036",143,143
"236","CNAG_07703",7,1341024,"a","ns","IL6","est = -0.47, error = 0.19, z = -2.42, p = 0.015",4,4
"237","CNAG_07703",7,1341024,"a","ns","IL8","est = -0.74, error = 0.34, z = -2.15, p = 0.032",9,9
"238","CNAG_12610",7,49744,"a","upstream","MCP1","est = -0.43, error = 0.21, z = -2.06, p = 0.039",13,13
"239","CNAG_12610",7,49744,"a","upstream","uptake","est = -3.86, error = 1.77, z = -2.19, p = 0.029",52,52
"240","CNAG_05746",7,752861,"a","UTR-3","IL17","est = -1.03, error = 0.43, z = -2.39, p = 0.017",0,0
"241","CNAG_05746",7,752861,"a","UTR-3","GMCSF","est = -1.76, error = 0.76, z = -2.3, p = 0.021",163,163
"242","CNAG_05746",7,752861,"a","UTR-3","MCP1","est = -1.33, error = 0.63, z = -2.12, p = 0.034",1,1
"243","CNAG_05746",7,752861,"a","UTR-3","TNFa","est = -1.57, error = 0.7, z = -2.25, p = 0.024",0,0
"244","CNAG_06968",8,1383765,"a","CODON_INSERTION","IL12","est = -0.58, error = 0.28, z = -2.07, p = 0.038",5,5
"245","CNAG_06968",8,1383765,"a","CODON_INSERTION","IL17","est = -0.8, error = 0.39, z = -2.05, p = 0.041",1,1
"246","CNAG_04102",9,10033,"a","UTR-3","GMCSF","est = -1.26, error = 0.57, z = -2.2, p = 0.028",7,7
"247","CNAG_04102",9,10033,"a","UTR-3","efa","est = -35.91, error = 16.55, z = -2.17, p = 0.03",4,4
"248","CNAG_04535",9,1115286,"a","upstream","IL17","est = -1.05, error = 0.45, z = -2.33, p = 0.02",2,2
"249","CNAG_04535",9,1115286,"a","upstream","GCSF","est = 1.67, error = 0.79, z = 2.11, p = 0.035",32,32
"250","CNAG_04535",9,1115286,"a","upstream","LFA_Titer","est = 2.05, error = 1.04, z = 1.97, p = 0.049",1,1
"251","CNAG_04535",9,1115286,"a","upstream","protein","est = 0, error = 0, z = -2.01, p = 0.044",0,0
"252","CNAG_04179",9,220963,"a","upstream","protein","est = 0, error = 0, z = 2.12, p = 0.034",142,142
"253","CNAG_04179",9,220963,"a","upstream","efa","est = 39.6, error = 18.53, z = 2.14, p = 0.033",3,3
"254","CNAG_04179",9,220963,"a","upstream","SERT","est = -0.4, error = 0.2, z = -1.96, p = 0.05",2,2
"255","CNAG_08006",11,804710,"ab","UTR-5","IL4","est = -0.89, error = 0.42, z = -2.11, p = 0.035",7,7
"256","CNAG_08006",11,804710,"ab","UTR-5","IL5","est = -1.13, error = 0.48, z = -2.33, p = 0.02",5,5
"257","CNAG_08006",11,804710,"ab","UTR-5","IL6","est = -0.34, error = 0.17, z = -2.02, p = 0.043",5,5
"258","CNAG_08006",11,804710,"ab","UTR-5","MIP1b","est = -0.93, error = 0.46, z = -2.04, p = 0.042",8,8
"259","CNAG_08006",11,804710,"ab","UTR-5","TNFa","est = -1.07, error = 0.46, z = -2.35, p = 0.019",0,0
"260","CNAG_08006",11,804710,"ab","UTR-5","adherence","est = -4.63, error = 2.32, z = -1.99, p = 0.046",45,45
"261","CNAG_08006",11,804710,"ab","UTR-5","chitin","est = 0, error = 0, z = -1.99, p = 0.047",247,247
"262","CNAG_08006",11,804742,"ab","UTR-5","IL4","est = -0.72, error = 0.34, z = -2.08, p = 0.038",3,3
"263","CNAG_08006",11,804742,"ab","UTR-5","IFNg","est = -0.51, error = 0.25, z = -2.09, p = 0.036",3,3
"264","CNAG_08006",11,804742,"ab","UTR-5","MCP1","est = -0.56, error = 0.26, z = -2.16, p = 0.031",6,6
"265","CNAG_08006",11,804742,"ab","UTR-5","adherence","est = -6.75, error = 2.65, z = -2.54, p = 0.011",4,4
"266","CNAG_07026",12,11092,"ab","upstream","IL1b","est = 0.85, error = 0.41, z = 2.06, p = 0.039",11,11
"267","CNAG_07026",12,11092,"ab","upstream","IL13","est = 0.29, error = 0.14, z = 2.01, p = 0.045",7,7
"268","CNAG_07026",12,11092,"ab","upstream","Survival","est = 0.01, error = 0, z = 2.32, p = 0.02",4,4
"269","CNAG_07026",12,11092,"ab","upstream","efa","est = -27.82, error = 13.37, z = -2.08, p = 0.037",8,8
"270","CNAG_07026",12,11094,"ab","upstream","IL13","est = 0.34, error = 0.16, z = 2.06, p = 0.04",6,6
"271","CNAG_07026",12,11094,"ab","upstream","LFA_Titer","est = -0.84, error = 0.42, z = -1.99, p = 0.047",211,211
"272","CNAG_07026",12,11094,"ab","upstream","Survival","est = 0.01, error = 0, z = 2, p = 0.046",3,3
"273","CNAG_07026",12,11400,"ab","upstream","IL1b","est = -1, error = 0.47, z = -2.12, p = 0.034",1,1
"274","CNAG_07026",12,11400,"ab","upstream","IL7","est = -1.32, error = 0.67, z = -1.99, p = 0.047",5,5
"275","CNAG_07026",12,11400,"ab","upstream","IL13","est = -0.34, error = 0.17, z = -1.96, p = 0.05",9,9
"276","CNAG_07026",12,11400,"ab","upstream","LFA_Titer","est = 1.36, error = 0.59, z = 2.32, p = 0.021",223,223
"277","CNAG_07026",12,11406,"ab","upstream","IL1b","est = -1, error = 0.47, z = -2.12, p = 0.034",3,3
"278","CNAG_07026",12,11406,"ab","upstream","IL7","est = -1.32, error = 0.67, z = -1.99, p = 0.047",1,1
"279","CNAG_07026",12,11406,"ab","upstream","IL13","est = -0.34, error = 0.17, z = -1.96, p = 0.05",15,15
"280","CNAG_07026",12,11406,"ab","upstream","LFA_Titer","est = 1.36, error = 0.59, z = 2.32, p = 0.021",226,226
"281","CNAG_07026",12,11407,"ab","upstream","IL1b","est = -1, error = 0.47, z = -2.12, p = 0.034",3,3
"282","CNAG_07026",12,11407,"ab","upstream","IL7","est = -1.32, error = 0.67, z = -1.99, p = 0.047",1,1
"283","CNAG_07026",12,11407,"ab","upstream","IL13","est = -0.34, error = 0.17, z = -1.96, p = 0.05",6,6
"284","CNAG_07026",12,11407,"ab","upstream","LFA_Titer","est = 1.36, error = 0.59, z = 2.32, p = 0.021",206,206
"285","CNAG_07026",12,11410,"ab","upstream","IL1b","est = -1, error = 0.47, z = -2.12, p = 0.034",6,6
"286","CNAG_07026",12,11410,"ab","upstream","IL7","est = -1.32, error = 0.67, z = -1.99, p = 0.047",8,8
"287","CNAG_07026",12,11410,"ab","upstream","IL13","est = -0.34, error = 0.17, z = -1.96, p = 0.05",13,13
"288","CNAG_07026",12,11410,"ab","upstream","LFA_Titer","est = 1.36, error = 0.59, z = 2.32, p = 0.021",232,232
"289","CNAG_07026",12,11413,"ab","upstream","IL1b","est = -0.98, error = 0.47, z = -2.08, p = 0.038",3,3
"290","CNAG_07026",12,11413,"ab","upstream","LFA_Titer","est = 1.36, error = 0.59, z = 2.32, p = 0.021",249,249
"291","CNAG_13108",13,128625,"ab","upstream","IL13","est = -0.3, error = 0.15, z = -1.97, p = 0.049",9,9
"292","CNAG_13108",13,128625,"ab","upstream","GCSF","est = 2.13, error = 0.96, z = 2.22, p = 0.026",110,110
"293","CNAG_13108",13,128715,"ab","upstream","IL13","est = -0.53, error = 0.21, z = -2.55, p = 0.011",0,0
"294","CNAG_13108",13,128715,"ab","upstream","GCSF","est = 2.08, error = 0.93, z = 2.23, p = 0.025",142,142
"295","CNAG_13108",13,128729,"ab","upstream","IL13","est = -0.44, error = 0.2, z = -2.16, p = 0.031",2,2
"296","CNAG_13108",13,128729,"ab","upstream","GCSF","est = 1.9, error = 0.94, z = 2.02, p = 0.043",75,75
"297","CNAG_06525",7,11056,"ab","ns","IL5","est = 0.79, error = 0.36, z = 2.19, p = 0.028",6,6
"298","CNAG_06525",7,11056,"ab","ns","IL10","est = 0.99, error = 0.46, z = 2.16, p = 0.031",4,4
"299","CNAG_06525",7,14006,"ab","upstream","IL6","est = -0.36, error = 0.18, z = -2.03, p = 0.043",8,8
"300","CNAG_06525",7,14006,"ab","upstream","IL8","est = -0.71, error = 0.35, z = -2.04, p = 0.041",12,12
"301","CNAG_05913",7,1205599,"ab","upstream","MIP1b","est = 0.82, error = 0.4, z = 2.07, p = 0.039",5,5
"302","CNAG_05913",7,1205599,"ab","upstream","adherence","est = 4.49, error = 2, z = 2.25, p = 0.025",105,105
"303","CNAG_05913",7,1205600,"ab","upstream","IL13","est = 0.26, error = 0.13, z = 1.98, p = 0.048",10,10
"304","CNAG_05913",7,1205600,"ab","upstream","IL17","est = 0.86, error = 0.43, z = 2.01, p = 0.044",1,1
"305","CNAG_05913",7,1205600,"ab","upstream","MIP1b","est = 0.83, error = 0.4, z = 2.08, p = 0.038",8,8
"306","CNAG_05913",7,1205600,"ab","upstream","adherence","est = 4.46, error = 2, z = 2.23, p = 0.026",76,76
