"chr","pos","REF","ALT","QUAL","HOM.REF","HOM.VAR","gene","effect","impact","class","aa_change","CP","PCA1","PCA2","alias","description"
5,836697,"TTC","T",5445.55,35,18,"CNAG_01241",NA,"MODIFIER","NONE",NA,"5.836697",0.0399265042974063,0.505378053053564,"null","enzyme regulator"
5,836899,"A","G",62817.92,37,17,"CNAG_01241",NA,"MODIFIER","NONE",NA,"5.836899",0.0248691089133226,0.29031355452409,"null","enzyme regulator"
6,988733,"G","A",6684.3,31,23,"CNAG_02176","STOP_GAINED","HIGH","NONSENSE","R653*","6.988733",0.0469824363336063,0.749303483267198,"null","hypothetical protein CNAG_02176"
6,989490,"C","T",10457.92,30,23,"CNAG_02176",NA,"MODERATE","MISSENSE","V417I","6.989490",0.834242660670662,0.0302674571054545,"null","hypothetical protein CNAG_02176"
6,989960,"G","A",9222.88,33,21,"CNAG_02176",NA,"MODERATE","MISSENSE","P260L","6.989960",0.966953019962949,0.0394131789430129,"null","hypothetical protein CNAG_02176"
14,342562,"T","G",26998.37,34,22,"CNAG_05450",NA,"MODERATE","MISSENSE","D595A","14.342562",0.0239238724609936,0.141862708770614,"null","hypothetical protein CNAG_05450"
14,908850,"G","A",9255.28,32,24,"CNAG_05661",NA,"MODIFIER","NONE",NA,"14.908850",0.0423051158354751,0.928206366764906,"null","FACT complex subunit POB3"
14,911099,"G","A",6688.9,34,19,"CNAG_05662",NA,"MODIFIER","NONE",NA,"14.911099",0.0453861218216031,0.142560747920864,"ITR4","sugar transporter"
14,911129,"C","T",6390.72,34,20,"CNAG_05662",NA,"MODIFIER","NONE",NA,"14.911129",0.0476726806127962,0.0458533622413496,"ITR4","sugar transporter"
14,910328,"A","G",6321.03,35,19,"CNAG_05663",NA,"MODIFIER","NONE",NA,"14.910328",0.0424326673654247,0.119603088517734,"null","cell wall integrity protein scw1"
12,19741,"C","T",14067.15,26,29,"CNAG_05987",NA,"MODIFIER","NONE",NA,"12.19741",0.355209383832608,0.0306082848902346,"null","hypothetical protein CNAG_05987"
12,503321,"T","C",3185.26,37,16,"CNAG_06169",NA,"MODIFIER","NONE",NA,"12.503321",0.0476575147314559,0.79493030006814,"null","hypothetical protein CNAG_06169"
7,1341024,"A","C",31456.6,20,34,"CNAG_07703",NA,"MODERATE","MISSENSE","E145A","7.1341024",0.0305484280579574,0.288810352426716,"null","hypothetical protein CNAG_07703"
8,818838,"T","TATAC",8515.09,32,18,"CNAG_07727",NA,"MODIFIER","NONE",NA,"8.818838",0.036320519830522,0.725686237932418,"null","hypothetical protein CNAG_07727"
1,975212,"C","T",13435.61,28,27,"CNAG_07950",NA,"MODIFIER","NONE",NA,"1.975212",0.0471373624541991,0.141097814027409,"null","hypothetical protein CNAG_07950"
11,804710,"C","T",13209.64,25,25,"CNAG_08006",NA,"MODIFIER","NONE",NA,"11.804710",0.0475428191944954,0.311539581434061,"null","hypothetical protein CNAG_08006"
