Gene.ID,Gene.Name,Chromosome,Genomic.Location,Gene.Strand,Product.Description
CNAG_12000,null,1,CP003820: 20522 - 22686 (+),forward,hypothetical RNA
CNAG_12001,null,1,CP003820: 23086 - 24767 (+),forward,hypothetical RNA
CNAG_12002,null,1,CP003820: 57882 - 59000 (+),forward,hypothetical RNA
CNAG_12003,null,1,CP003820: 64131 - 66222 (-),reverse,hypothetical RNA
CNAG_12004,null,1,CP003820: 66800 - 67922 (+),forward,hypothetical RNA
CNAG_12005,null,1,CP003820: 117229 - 118263 (-),reverse,hypothetical RNA
CNAG_12006,null,1,CP003820: 126493 - 128723 (+),forward,hypothetical RNA
CNAG_12007,null,1,CP003820: 142217 - 143061 (+),forward,hypothetical RNA
CNAG_12008,null,1,CP003820: 145146 - 146366 (-),reverse,hypothetical RNA
CNAG_12009,null,1,CP003820: 186690 - 187366 (-),reverse,hypothetical RNA
CNAG_12010,null,1,CP003820: 187109 - 187735 (+),forward,hypothetical RNA
CNAG_12011,null,1,CP003820: 187691 - 188490 (-),reverse,hypothetical RNA
CNAG_12012,null,1,CP003820: 187780 - 188217 (+),forward,hypothetical RNA
CNAG_12013,null,1,CP003820: 192615 - 194338 (-),reverse,hypothetical RNA
CNAG_12014,null,1,CP003820: 221990 - 222314 (+),forward,hypothetical RNA
CNAG_12015,null,1,CP003820: 271895 - 273596 (-),reverse,hypothetical RNA
CNAG_12016,null,1,CP003820: 314274 - 314667 (+),forward,hypothetical RNA
CNAG_12017,null,1,CP003820: 324210 - 325461 (+),forward,hypothetical RNA
CNAG_12018,null,1,CP003820: 343634 - 344423 (+),forward,hypothetical RNA
CNAG_12019,null,1,CP003820: 346402 - 349987 (-),reverse,hypothetical RNA
CNAG_12020,null,1,CP003820: 352482 - 352806 (-),reverse,hypothetical RNA
CNAG_12021,null,1,CP003820: 378277 - 379156 (+),forward,hypothetical RNA
CNAG_12022,null,1,CP003820: 382584 - 382997 (-),reverse,hypothetical RNA
CNAG_12023,null,1,CP003820: 384412 - 386060 (-),reverse,hypothetical RNA
CNAG_12024,null,1,CP003820: 386278 - 386613 (+),forward,hypothetical RNA
CNAG_12025,null,1,CP003820: 425051 - 427418 (+),forward,hypothetical RNA
CNAG_12026,null,1,CP003820: 446659 - 447865 (+),forward,hypothetical RNA
CNAG_12027,null,1,CP003820: 451619 - 452201 (-),reverse,hypothetical RNA
CNAG_12028,null,1,CP003820: 451718 - 452218 (+),forward,hypothetical RNA
CNAG_12029,null,1,CP003820: 466948 - 468703 (-),reverse,hypothetical RNA
CNAG_12030,null,1,CP003820: 487026 - 487708 (-),reverse,hypothetical RNA
CNAG_12031,null,1,CP003820: 489081 - 489969 (-),reverse,hypothetical RNA
CNAG_12032,null,1,CP003820: 495436 - 495887 (-),reverse,hypothetical RNA
CNAG_12033,null,1,CP003820: 501025 - 501303 (+),forward,hypothetical RNA
CNAG_12034,null,1,CP003820: 501318 - 501967 (-),reverse,hypothetical RNA
CNAG_12035,null,1,CP003820: 516982 - 517734 (-),reverse,hypothetical RNA
CNAG_12036,null,1,CP003820: 530660 - 532141 (-),reverse,hypothetical RNA
CNAG_12037,null,1,CP003820: 530667 - 533429 (+),forward,hypothetical RNA
CNAG_12038,null,1,CP003820: 641269 - 642001 (-),reverse,hypothetical RNA
CNAG_12039,null,1,CP003820: 657524 - 660539 (-),reverse,hypothetical RNA
CNAG_12040,null,1,CP003820: 664840 - 665689 (-),reverse,hypothetical RNA
CNAG_12041,null,1,CP003820: 702178 - 703847 (-),reverse,hypothetical RNA
CNAG_12042,null,1,CP003820: 749765 - 750424 (-),reverse,hypothetical RNA
CNAG_12043,null,1,CP003820: 786193 - 786996 (+),forward,hypothetical RNA
CNAG_12044,null,1,CP003820: 786889 - 787213 (-),reverse,hypothetical RNA
CNAG_12045,null,1,CP003820: 790410 - 790616 (+),forward,hypothetical RNA
CNAG_12046,null,1,CP003820: 808783 - 810708 (-),reverse,hypothetical RNA
CNAG_12047,null,1,CP003820: 813490 - 814384 (+),forward,hypothetical RNA
CNAG_12048,null,1,CP003820: 827805 - 828993 (+),forward,hypothetical RNA
CNAG_12049,null,1,CP003820: 838743 - 839914 (-),reverse,hypothetical RNA
CNAG_12050,null,1,CP003820: 894495 - 895267 (-),reverse,hypothetical RNA
CNAG_12051,null,1,CP003820: 913462 - 916198 (+),forward,hypothetical RNA
CNAG_12052,null,1,CP003820: 932665 - 933420 (-),reverse,hypothetical RNA
CNAG_12053,null,1,CP003820: 966282 - 967267 (-),reverse,hypothetical RNA
CNAG_12054,null,1,CP003820: 1002059 - 1004041 (+),forward,hypothetical RNA
CNAG_12055,null,1,CP003820: 1060242 - 1061035 (-),reverse,hypothetical RNA
CNAG_12056,null,1,CP003820: 1067846 - 1071002 (+),forward,hypothetical RNA
CNAG_12057,null,1,CP003820: 1098866 - 1100326 (+),forward,hypothetical RNA
CNAG_12058,null,1,CP003820: 1154407 - 1155651 (-),reverse,hypothetical RNA
CNAG_12059,null,1,CP003820: 1183354 - 1184742 (-),reverse,hypothetical RNA
CNAG_12060,null,1,CP003820: 1199693 - 1201985 (-),reverse,hypothetical RNA
CNAG_12061,null,1,CP003820: 1235167 - 1235939 (-),reverse,hypothetical RNA
CNAG_12062,null,1,CP003820: 1285493 - 1285957 (-),reverse,hypothetical RNA
CNAG_12063,null,1,CP003820: 1352455 - 1354477 (-),reverse,hypothetical RNA
CNAG_12064,null,1,CP003820: 1359487 - 1360248 (+),forward,hypothetical RNA
CNAG_12065,null,1,CP003820: 1374811 - 1375657 (+),forward,hypothetical RNA
CNAG_12066,null,1,CP003820: 1375540 - 1375963 (-),reverse,hypothetical RNA
CNAG_12067,null,1,CP003820: 1376017 - 1376775 (+),forward,hypothetical RNA
CNAG_12068,null,1,CP003820: 1378957 - 1380082 (-),reverse,hypothetical RNA
CNAG_12069,null,1,CP003820: 1421200 - 1422371 (+),forward,hypothetical RNA
CNAG_12070,null,1,CP003820: 1425010 - 1425684 (-),reverse,hypothetical RNA
CNAG_12071,null,1,CP003820: 1425081 - 1425735 (+),forward,hypothetical RNA
CNAG_12072,null,1,CP003820: 1427781 - 1429446 (-),reverse,hypothetical RNA
CNAG_12073,null,1,CP003820: 1429788 - 1430242 (+),forward,hypothetical RNA
CNAG_12074,null,1,CP003820: 1443252 - 1444098 (-),reverse,hypothetical RNA
CNAG_12075,null,1,CP003820: 1471652 - 1473527 (-),reverse,hypothetical RNA
CNAG_12076,null,1,CP003820: 1473572 - 1474086 (-),reverse,hypothetical RNA
CNAG_12077,null,1,CP003820: 1475290 - 1475773 (-),reverse,hypothetical RNA
CNAG_12078,null,1,CP003820: 1513339 - 1515904 (+),forward,hypothetical RNA
CNAG_12079,null,1,CP003820: 1520644 - 1522191 (+),forward,hypothetical RNA
CNAG_12080,null,1,CP003820: 1533253 - 1533793 (-),reverse,hypothetical RNA
CNAG_12081,null,1,CP003820: 1534002 - 1536568 (-),reverse,hypothetical RNA
CNAG_12082,null,1,CP003820: 1546790 - 1549567 (+),forward,hypothetical RNA
CNAG_12083,null,1,CP003820: 1555784 - 1556401 (-),reverse,hypothetical RNA
CNAG_12084,null,1,CP003820: 1598859 - 1599210 (+),forward,hypothetical RNA
CNAG_12085,null,1,CP003820: 1619172 - 1620065 (-),reverse,hypothetical RNA
CNAG_12086,null,1,CP003820: 1675018 - 1675666 (-),reverse,hypothetical RNA
CNAG_12087,null,1,CP003820: 1757327 - 1758925 (-),reverse,hypothetical RNA
CNAG_12088,null,1,CP003820: 1768927 - 1769743 (-),reverse,hypothetical RNA
CNAG_12089,null,1,CP003820: 1770079 - 1771190 (-),reverse,hypothetical RNA
CNAG_12090,null,1,CP003820: 1771465 - 1771730 (-),reverse,hypothetical RNA
CNAG_12091,null,1,CP003820: 1800757 - 1802129 (-),reverse,hypothetical RNA
CNAG_12092,null,1,CP003820: 1828916 - 1829777 (-),reverse,hypothetical RNA
CNAG_12093,null,1,CP003820: 1835020 - 1835581 (+),forward,hypothetical RNA
CNAG_12094,null,1,CP003820: 1888845 - 1889108 (+),forward,hypothetical RNA
CNAG_12095,null,1,CP003820: 1889304 - 1891814 (+),forward,hypothetical RNA
CNAG_12096,null,1,CP003820: 1895279 - 1895648 (+),forward,hypothetical RNA
CNAG_12097,null,1,CP003820: 1898734 - 1900172 (-),reverse,hypothetical RNA
CNAG_12098,null,1,CP003820: 1911792 - 1912478 (-),reverse,hypothetical RNA
CNAG_12099,null,1,CP003820: 1912111 - 1913617 (+),forward,hypothetical RNA
CNAG_12100,null,1,CP003820: 1912510 - 1914264 (-),reverse,hypothetical RNA
CNAG_12101,null,1,CP003820: 1929649 - 1930164 (+),forward,hypothetical RNA
CNAG_12102,null,1,CP003820: 1950590 - 1952012 (-),reverse,hypothetical RNA
CNAG_12103,null,1,CP003820: 1950976 - 1952141 (+),forward,hypothetical RNA
CNAG_12104,null,1,CP003820: 1957245 - 1957422 (-),reverse,hypothetical RNA
CNAG_12105,null,1,CP003820: 1964082 - 1966523 (-),reverse,hypothetical RNA
CNAG_12106,null,1,CP003820: 1964651 - 1965447 (+),forward,hypothetical RNA
CNAG_12107,null,1,CP003820: 1966577 - 1968940 (-),reverse,hypothetical RNA
CNAG_12108,null,1,CP003820: 1970240 - 1971092 (+),forward,hypothetical RNA
CNAG_12109,null,1,CP003820: 1972119 - 1972590 (-),reverse,hypothetical RNA
CNAG_12110,null,1,CP003820: 1989221 - 1990423 (+),forward,hypothetical RNA
CNAG_12111,null,1,CP003820: 2014546 - 2015370 (+),forward,hypothetical RNA
CNAG_12112,null,1,CP003820: 2029388 - 2029698 (-),reverse,hypothetical RNA
CNAG_12113,null,1,CP003820: 2035577 - 2037060 (-),reverse,hypothetical RNA
CNAG_12114,null,1,CP003820: 2076494 - 2078122 (+),forward,hypothetical RNA
CNAG_12115,null,1,CP003820: 2084113 - 2085175 (+),forward,hypothetical RNA
CNAG_12116,null,1,CP003820: 2087867 - 2089473 (+),forward,hypothetical RNA
CNAG_12117,null,1,CP003820: 2097778 - 2100663 (+),forward,hypothetical RNA
CNAG_12118,null,1,CP003820: 2175929 - 2177256 (-),reverse,hypothetical RNA
CNAG_12119,null,1,CP003820: 2188242 - 2190000 (+),forward,hypothetical RNA
CNAG_12120,null,1,CP003820: 2193589 - 2194423 (+),forward,hypothetical RNA
CNAG_12122,null,1,CP003820: 2209555 - 2211012 (+),forward,hypothetical RNA
CNAG_12123,null,1,CP003820: 2231386 - 2231914 (-),reverse,hypothetical RNA
CNAG_12124,null,1,CP003820: 2237153 - 2237749 (-),reverse,hypothetical RNA
CNAG_12125,null,1,CP003820: 2252974 - 2254072 (+),forward,hypothetical RNA
CNAG_12126,null,1,CP003820: 2267573 - 2268080 (+),forward,hypothetical RNA
CNAG_12127,null,1,CP003820: 2271713 - 2272574 (+),forward,hypothetical RNA
CNAG_12128,null,2,CP003821: 3680 - 4932 (-),reverse,hypothetical RNA
CNAG_12129,null,2,CP003821: 49455 - 50879 (-),reverse,hypothetical RNA
CNAG_12130,null,2,CP003821: 60012 - 61559 (+),forward,hypothetical RNA
CNAG_12131,null,2,CP003821: 94544 - 95649 (-),reverse,hypothetical RNA
CNAG_12132,null,2,CP003821: 95398 - 96096 (+),forward,hypothetical RNA
CNAG_12133,null,2,CP003821: 97155 - 97506 (+),forward,hypothetical RNA
CNAG_12134,null,2,CP003821: 107983 - 108744 (+),forward,hypothetical RNA
CNAG_12135,null,2,CP003821: 116009 - 117257 (-),reverse,hypothetical RNA
CNAG_12136,null,2,CP003821: 120626 - 122017 (-),reverse,hypothetical RNA
CNAG_12137,null,2,CP003821: 128352 - 128639 (+),forward,hypothetical RNA
CNAG_12138,null,2,CP003821: 139524 - 140143 (-),reverse,hypothetical RNA
CNAG_12139,null,2,CP003821: 148592 - 149471 (+),forward,hypothetical RNA
CNAG_12140,null,2,CP003821: 149239 - 149473 (-),reverse,hypothetical RNA
CNAG_12141,null,2,CP003821: 159586 - 160113 (-),reverse,hypothetical RNA
CNAG_12142,null,2,CP003821: 202954 - 204866 (-),reverse,hypothetical RNA
CNAG_12143,null,2,CP003821: 218955 - 219384 (+),forward,hypothetical RNA
CNAG_12144,null,2,CP003821: 235151 - 235615 (-),reverse,hypothetical RNA
CNAG_12145,null,2,CP003821: 274008 - 274204 (+),forward,hypothetical RNA
CNAG_12146,null,2,CP003821: 290164 - 291042 (+),forward,hypothetical RNA
CNAG_12147,null,2,CP003821: 335210 - 338235 (-),reverse,hypothetical RNA
CNAG_12148,null,2,CP003821: 350871 - 352674 (-),reverse,hypothetical RNA
CNAG_12149,null,2,CP003821: 420419 - 421260 (-),reverse,hypothetical RNA
CNAG_12150,null,2,CP003821: 420811 - 422347 (+),forward,hypothetical RNA
CNAG_12151,null,2,CP003821: 422361 - 422791 (+),forward,hypothetical RNA
CNAG_12152,null,2,CP003821: 447299 - 447786 (+),forward,hypothetical RNA
CNAG_12153,null,2,CP003821: 505391 - 505819 (-),reverse,hypothetical RNA
CNAG_12154,null,2,CP003821: 511370 - 512049 (-),reverse,hypothetical RNA
CNAG_12155,null,2,CP003821: 552233 - 552964 (-),reverse,hypothetical RNA
CNAG_12156,null,2,CP003821: 567372 - 568135 (+),forward,hypothetical RNA
CNAG_12157,null,2,CP003821: 576512 - 577447 (-),reverse,hypothetical RNA
CNAG_12158,null,2,CP003821: 595779 - 596057 (+),forward,hypothetical RNA
CNAG_12159,null,2,CP003821: 603157 - 603906 (+),forward,hypothetical RNA
CNAG_12160,null,2,CP003821: 603944 - 605574 (+),forward,hypothetical RNA
CNAG_12161,null,2,CP003821: 636965 - 637488 (+),forward,hypothetical RNA
CNAG_12162,null,2,CP003821: 683613 - 684720 (-),reverse,hypothetical RNA
CNAG_12163,null,2,CP003821: 700853 - 702413 (+),forward,hypothetical RNA
CNAG_12164,null,2,CP003821: 708718 - 710167 (+),forward,hypothetical RNA
CNAG_12165,null,2,CP003821: 746234 - 747098 (-),reverse,hypothetical RNA
CNAG_12166,null,2,CP003821: 752525 - 753020 (+),forward,hypothetical RNA
CNAG_12167,null,2,CP003821: 752713 - 753137 (-),reverse,hypothetical RNA
CNAG_12168,null,2,CP003821: 753350 - 754824 (+),forward,hypothetical RNA
CNAG_12169,null,2,CP003821: 802229 - 802571 (-),reverse,hypothetical RNA
CNAG_12170,null,2,CP003821: 836658 - 837419 (-),reverse,hypothetical RNA
CNAG_12171,null,2,CP003821: 897025 - 897480 (+),forward,hypothetical RNA
CNAG_12172,null,2,CP003821: 931338 - 931691 (-),reverse,hypothetical RNA
CNAG_12173,null,2,CP003821: 936934 - 939328 (+),forward,hypothetical RNA
CNAG_12174,null,2,CP003821: 940224 - 941945 (+),forward,hypothetical RNA
CNAG_12175,null,2,CP003821: 959573 - 961586 (+),forward,hypothetical RNA
CNAG_12176,null,2,CP003821: 979497 - 980421 (+),forward,hypothetical RNA
CNAG_12177,null,2,CP003821: 1085345 - 1085748 (+),forward,hypothetical RNA
CNAG_12178,null,2,CP003821: 1117293 - 1117774 (-),reverse,hypothetical RNA
CNAG_12179,null,2,CP003821: 1118704 - 1121249 (-),reverse,hypothetical RNA
CNAG_12180,null,2,CP003821: 1121421 - 1122528 (-),reverse,hypothetical RNA
CNAG_12181,null,2,CP003821: 1121680 - 1122573 (+),forward,hypothetical RNA
CNAG_12182,null,2,CP003821: 1123943 - 1125535 (-),reverse,hypothetical RNA
CNAG_12183,null,2,CP003821: 1125728 - 1127310 (+),forward,hypothetical RNA
CNAG_12184,null,2,CP003821: 1127324 - 1127530 (-),reverse,hypothetical RNA
CNAG_12185,null,2,CP003821: 1139352 - 1142390 (+),forward,hypothetical RNA
CNAG_12186,null,2,CP003821: 1150606 - 1152052 (+),forward,hypothetical RNA
CNAG_12187,null,2,CP003821: 1163864 - 1166603 (+),forward,hypothetical RNA
CNAG_12188,null,2,CP003821: 1192744 - 1194700 (-),reverse,hypothetical RNA
CNAG_12189,null,2,CP003821: 1229061 - 1229407 (-),reverse,hypothetical RNA
CNAG_12190,null,2,CP003821: 1229107 - 1229434 (+),forward,hypothetical RNA
CNAG_12191,null,2,CP003821: 1255006 - 1255486 (-),reverse,hypothetical RNA
CNAG_12192,null,2,CP003821: 1267162 - 1269410 (-),reverse,hypothetical RNA
CNAG_12193,null,2,CP003821: 1303957 - 1304458 (+),forward,hypothetical RNA
CNAG_12194,null,2,CP003821: 1312060 - 1313120 (+),forward,hypothetical RNA
CNAG_12195,null,2,CP003821: 1329546 - 1331050 (+),forward,hypothetical RNA
CNAG_12196,null,2,CP003821: 1339872 - 1341102 (+),forward,hypothetical RNA
CNAG_12197,null,2,CP003821: 1383437 - 1386280 (-),reverse,hypothetical RNA
CNAG_12198,null,2,CP003821: 1403862 - 1405632 (+),forward,hypothetical RNA
CNAG_12199,null,2,CP003821: 1406742 - 1409526 (-),reverse,hypothetical RNA
CNAG_12200,null,2,CP003821: 1469636 - 1471405 (-),reverse,hypothetical RNA
CNAG_12201,null,2,CP003821: 1541361 - 1543216 (-),reverse,hypothetical RNA
CNAG_12202,null,2,CP003821: 1549590 - 1550112 (-),reverse,hypothetical RNA
CNAG_12203,null,2,CP003821: 1558586 - 1559373 (-),reverse,hypothetical RNA
CNAG_12204,null,2,CP003821: 1567500 - 1568312 (+),forward,hypothetical RNA
CNAG_12205,null,2,CP003821: 1567836 - 1568343 (-),reverse,hypothetical RNA
CNAG_12206,null,2,CP003821: 1572109 - 1572958 (-),reverse,hypothetical RNA
CNAG_12207,null,2,CP003821: 1572305 - 1572945 (+),forward,hypothetical RNA
CNAG_12208,null,2,CP003821: 1582246 - 1583012 (-),reverse,hypothetical RNA
CNAG_12209,null,2,CP003821: 1583058 - 1584502 (-),reverse,hypothetical RNA
CNAG_12210,null,2,CP003821: 1584626 - 1586353 (+),forward,hypothetical RNA
CNAG_12211,null,2,CP003821: 1601672 - 1602586 (+),forward,hypothetical RNA
CNAG_12212,null,3,CP003822: 9811 - 10829 (-),reverse,hypothetical RNA
CNAG_12213,null,3,CP003822: 28310 - 28608 (+),forward,hypothetical RNA
CNAG_12214,null,3,CP003822: 32619 - 33514 (+),forward,hypothetical RNA
CNAG_12215,null,3,CP003822: 36889 - 37715 (-),reverse,hypothetical RNA
CNAG_12216,null,3,CP003822: 40445 - 40791 (+),forward,hypothetical RNA
CNAG_12217,null,3,CP003822: 54465 - 57507 (+),forward,hypothetical RNA
CNAG_12218,null,3,CP003822: 60667 - 61831 (+),forward,hypothetical RNA
CNAG_12219,null,3,CP003822: 90250 - 91376 (+),forward,hypothetical RNA
CNAG_12220,null,3,CP003822: 99675 - 101647 (+),forward,hypothetical RNA
CNAG_12222,null,3,CP003822: 126571 - 129499 (-),reverse,hypothetical RNA
CNAG_12223,null,3,CP003822: 149421 - 152230 (+),forward,hypothetical RNA
CNAG_12224,null,3,CP003822: 150663 - 152454 (-),reverse,hypothetical RNA
CNAG_12225,null,3,CP003822: 206406 - 207033 (+),forward,hypothetical RNA
CNAG_12226,null,3,CP003822: 206488 - 207184 (-),reverse,hypothetical RNA
CNAG_12227,null,3,CP003822: 215675 - 216514 (+),forward,hypothetical RNA
CNAG_12228,null,3,CP003822: 216608 - 216976 (+),forward,hypothetical RNA
CNAG_12229,null,3,CP003822: 217360 - 218331 (+),forward,hypothetical RNA
CNAG_12230,null,3,CP003822: 226369 - 227722 (+),forward,hypothetical RNA
CNAG_12231,null,3,CP003822: 260199 - 262450 (-),reverse,hypothetical RNA
CNAG_12232,null,3,CP003822: 276737 - 278363 (-),reverse,hypothetical RNA
CNAG_12233,null,3,CP003822: 312791 - 314077 (+),forward,hypothetical RNA
CNAG_12234,null,3,CP003822: 324571 - 325103 (-),reverse,hypothetical RNA
CNAG_12235,null,3,CP003822: 370175 - 372085 (-),reverse,hypothetical RNA
CNAG_12236,null,3,CP003822: 399377 - 399890 (-),reverse,hypothetical RNA
CNAG_12237,null,3,CP003822: 415903 - 416673 (+),forward,hypothetical RNA
CNAG_12238,null,3,CP003822: 450484 - 451364 (-),reverse,hypothetical RNA
CNAG_12239,null,3,CP003822: 460525 - 460932 (-),reverse,hypothetical RNA
CNAG_12240,null,3,CP003822: 475642 - 476099 (+),forward,hypothetical RNA
CNAG_12241,null,3,CP003822: 488863 - 489160 (-),reverse,hypothetical RNA
CNAG_12242,null,3,CP003822: 494944 - 496034 (-),reverse,hypothetical RNA
CNAG_12243,null,3,CP003822: 498864 - 500025 (+),forward,hypothetical RNA
CNAG_12244,null,3,CP003822: 536198 - 536779 (+),forward,hypothetical RNA
CNAG_12245,null,3,CP003822: 536517 - 537296 (-),reverse,hypothetical RNA
CNAG_12246,null,3,CP003822: 537301 - 537613 (+),forward,hypothetical RNA
CNAG_12247,null,3,CP003822: 539957 - 540346 (-),reverse,hypothetical RNA
CNAG_12248,null,3,CP003822: 568046 - 569344 (-),reverse,hypothetical RNA
CNAG_12249,null,3,CP003822: 578005 - 579413 (-),reverse,hypothetical RNA
CNAG_12250,null,3,CP003822: 581540 - 583450 (+),forward,hypothetical RNA
CNAG_12251,null,3,CP003822: 583684 - 584305 (-),reverse,hypothetical RNA
CNAG_12252,null,3,CP003822: 583782 - 584542 (+),forward,hypothetical RNA
CNAG_12253,null,3,CP003822: 591202 - 592412 (+),forward,hypothetical RNA
CNAG_12254,null,3,CP003822: 603834 - 604223 (+),forward,hypothetical RNA
CNAG_12255,null,3,CP003822: 604229 - 604490 (+),forward,hypothetical RNA
CNAG_12256,null,3,CP003822: 606665 - 607278 (+),forward,hypothetical RNA
CNAG_12257,null,3,CP003822: 620285 - 622131 (+),forward,hypothetical RNA
CNAG_12258,null,3,CP003822: 629050 - 629565 (-),reverse,hypothetical RNA
CNAG_12259,null,3,CP003822: 632919 - 634139 (-),reverse,hypothetical RNA
CNAG_12260,null,3,CP003822: 635906 - 636536 (-),reverse,hypothetical RNA
CNAG_12261,null,3,CP003822: 654181 - 655262 (-),reverse,hypothetical RNA
CNAG_12262,null,3,CP003822: 687062 - 687675 (-),reverse,hypothetical RNA
CNAG_12263,null,3,CP003822: 688214 - 688939 (-),reverse,hypothetical RNA
CNAG_12264,null,3,CP003822: 689538 - 690354 (-),reverse,hypothetical RNA
CNAG_12265,null,3,CP003822: 729801 - 730768 (+),forward,hypothetical RNA
CNAG_12266,null,3,CP003822: 735346 - 735732 (-),reverse,hypothetical RNA
CNAG_12267,null,3,CP003822: 742436 - 744792 (-),reverse,hypothetical RNA
CNAG_12268,null,3,CP003822: 759816 - 760066 (-),reverse,hypothetical RNA
CNAG_12269,null,3,CP003822: 787826 - 788771 (+),forward,hypothetical RNA
CNAG_12270,null,3,CP003822: 787988 - 788737 (-),reverse,hypothetical RNA
CNAG_12271,null,3,CP003822: 788812 - 789311 (+),forward,hypothetical RNA
CNAG_12272,null,3,CP003822: 829915 - 831526 (+),forward,hypothetical RNA
CNAG_12273,null,3,CP003822: 832676 - 833384 (-),reverse,hypothetical RNA
CNAG_12274,null,3,CP003822: 899256 - 900128 (+),forward,hypothetical RNA
CNAG_12275,null,3,CP003822: 900438 - 901020 (+),forward,hypothetical RNA
CNAG_12276,null,3,CP003822: 901286 - 902104 (+),forward,hypothetical RNA
CNAG_12277,null,3,CP003822: 906717 - 907883 (-),reverse,hypothetical RNA
CNAG_12278,null,3,CP003822: 914041 - 915953 (-),reverse,hypothetical RNA
CNAG_12279,null,3,CP003822: 916120 - 917102 (-),reverse,hypothetical RNA
CNAG_12280,null,3,CP003822: 920231 - 921479 (-),reverse,hypothetical RNA
CNAG_12281,null,3,CP003822: 937421 - 937681 (-),reverse,hypothetical RNA
CNAG_12282,null,3,CP003822: 970759 - 971144 (+),forward,hypothetical RNA
CNAG_12283,null,3,CP003822: 976543 - 977042 (+),forward,hypothetical RNA
CNAG_12284,null,3,CP003822: 976549 - 977630 (-),reverse,hypothetical RNA
CNAG_12285,null,3,CP003822: 986087 - 987048 (+),forward,hypothetical RNA
CNAG_12286,null,3,CP003822: 998846 - 1001950 (+),forward,hypothetical RNA
CNAG_12287,null,3,CP003822: 1008898 - 1010239 (-),reverse,hypothetical RNA
CNAG_12288,null,3,CP003822: 1012931 - 1013442 (+),forward,hypothetical RNA
CNAG_12289,null,3,CP003822: 1022793 - 1023824 (-),reverse,hypothetical RNA
CNAG_12290,null,3,CP003822: 1069727 - 1070356 (+),forward,hypothetical RNA
CNAG_12291,null,3,CP003822: 1070521 - 1072161 (+),forward,hypothetical RNA
CNAG_12292,null,3,CP003822: 1086140 - 1087261 (+),forward,hypothetical RNA
CNAG_12293,null,3,CP003822: 1093631 - 1096145 (-),reverse,hypothetical RNA
CNAG_12294,null,3,CP003822: 1096325 - 1098064 (+),forward,hypothetical RNA
CNAG_12295,null,3,CP003822: 1098047 - 1098513 (-),reverse,hypothetical RNA
CNAG_12296,null,3,CP003822: 1103019 - 1103565 (+),forward,hypothetical RNA
CNAG_12297,null,3,CP003822: 1104051 - 1104661 (+),forward,hypothetical RNA
CNAG_12298,null,3,CP003822: 1104486 - 1105762 (-),reverse,hypothetical RNA
CNAG_12299,null,3,CP003822: 1155977 - 1157512 (-),reverse,hypothetical RNA
CNAG_12300,null,3,CP003822: 1170559 - 1171270 (-),reverse,hypothetical RNA
CNAG_12301,null,3,CP003822: 1174438 - 1174840 (-),reverse,hypothetical RNA
CNAG_12302,null,3,CP003822: 1249377 - 1251923 (-),reverse,hypothetical RNA
CNAG_12303,null,3,CP003822: 1268487 - 1269087 (-),reverse,hypothetical RNA
CNAG_12304,null,3,CP003822: 1274690 - 1276287 (+),forward,hypothetical RNA
CNAG_12305,null,3,CP003822: 1281839 - 1282390 (-),reverse,hypothetical RNA
CNAG_12306,null,3,CP003822: 1305029 - 1306739 (+),forward,hypothetical RNA
CNAG_12307,null,3,CP003822: 1307384 - 1308620 (+),forward,hypothetical RNA
CNAG_12308,null,3,CP003822: 1329318 - 1330105 (+),forward,hypothetical RNA
CNAG_12309,null,3,CP003822: 1330278 - 1330581 (+),forward,hypothetical RNA
CNAG_12310,null,3,CP003822: 1335493 - 1336357 (-),reverse,hypothetical RNA
CNAG_12311,null,3,CP003822: 1336609 - 1337250 (-),reverse,hypothetical RNA
CNAG_12312,null,3,CP003822: 1337588 - 1337708 (+),forward,hypothetical RNA
CNAG_12313,null,3,CP003822: 1338215 - 1340297 (-),reverse,hypothetical RNA
CNAG_12314,null,3,CP003822: 1340777 - 1341812 (+),forward,hypothetical RNA
CNAG_12315,null,3,CP003822: 1371381 - 1372001 (-),reverse,hypothetical RNA
CNAG_12317,null,3,CP003822: 1433954 - 1434456 (+),forward,hypothetical RNA
CNAG_12318,null,3,CP003822: 1437476 - 1439165 (+),forward,hypothetical RNA
CNAG_12319,null,3,CP003822: 1452624 - 1453306 (-),reverse,hypothetical RNA
CNAG_12320,null,3,CP003822: 1452668 - 1453451 (+),forward,hypothetical RNA
CNAG_12321,null,3,CP003822: 1453486 - 1454461 (-),reverse,hypothetical RNA
CNAG_12322,null,3,CP003822: 1453593 - 1454632 (+),forward,hypothetical RNA
CNAG_12323,null,3,CP003822: 1455247 - 1456410 (-),reverse,hypothetical RNA
CNAG_12324,null,3,CP003822: 1456483 - 1457045 (+),forward,hypothetical RNA
CNAG_12325,null,3,CP003822: 1464875 - 1466639 (-),reverse,hypothetical RNA
CNAG_12326,null,3,CP003822: 1466810 - 1472037 (-),reverse,hypothetical RNA
CNAG_12327,null,3,CP003822: 1476759 - 1478321 (+),forward,hypothetical RNA
CNAG_12328,null,3,CP003822: 1491588 - 1493072 (+),forward,hypothetical RNA
CNAG_12329,null,3,CP003822: 1502493 - 1503222 (-),reverse,hypothetical RNA
CNAG_12330,null,3,CP003822: 1506303 - 1508189 (+),forward,hypothetical RNA
CNAG_12331,null,3,CP003822: 1510828 - 1512301 (-),reverse,hypothetical RNA
CNAG_12332,null,3,CP003822: 1524956 - 1526243 (-),reverse,hypothetical RNA
CNAG_12333,null,3,CP003822: 1564947 - 1566370 (+),forward,hypothetical RNA
CNAG_12334,null,4,CP003823: 35480 - 37245 (-),reverse,hypothetical RNA
CNAG_12335,null,4,CP003823: 53072 - 55306 (-),reverse,hypothetical RNA
CNAG_12336,null,4,CP003823: 65990 - 66516 (-),reverse,hypothetical RNA
CNAG_12337,null,4,CP003823: 90969 - 91301 (-),reverse,hypothetical RNA
CNAG_12338,null,4,CP003823: 91421 - 91740 (+),forward,hypothetical RNA
CNAG_12339,null,4,CP003823: 91579 - 92805 (-),reverse,hypothetical RNA
CNAG_12340,null,4,CP003823: 97901 - 99645 (-),reverse,hypothetical RNA
CNAG_12341,null,4,CP003823: 100595 - 102553 (+),forward,hypothetical RNA
CNAG_12342,null,4,CP003823: 124366 - 125108 (+),forward,hypothetical RNA
CNAG_12343,null,4,CP003823: 127377 - 128691 (+),forward,hypothetical RNA
CNAG_12344,null,4,CP003823: 132277 - 133638 (-),reverse,hypothetical RNA
CNAG_12345,null,4,CP003823: 133871 - 134931 (+),forward,hypothetical RNA
CNAG_12346,null,4,CP003823: 138301 - 138779 (-),reverse,hypothetical RNA
CNAG_12347,null,4,CP003823: 146537 - 146786 (-),reverse,hypothetical RNA
CNAG_12348,null,4,CP003823: 152134 - 152608 (+),forward,hypothetical RNA
CNAG_12349,null,4,CP003823: 155360 - 159097 (+),forward,hypothetical RNA
CNAG_12350,null,4,CP003823: 159293 - 160670 (-),reverse,hypothetical RNA
CNAG_12351,null,4,CP003823: 166048 - 166513 (+),forward,hypothetical RNA
CNAG_12353,null,4,CP003823: 174080 - 174565 (-),reverse,hypothetical RNA
CNAG_12354,null,4,CP003823: 174693 - 179049 (-),reverse,hypothetical RNA
CNAG_12355,null,4,CP003823: 188937 - 189480 (-),reverse,hypothetical RNA
CNAG_12356,null,4,CP003823: 215040 - 216471 (-),reverse,hypothetical RNA
CNAG_12357,null,4,CP003823: 216898 - 219775 (-),reverse,hypothetical RNA
CNAG_12358,null,4,CP003823: 244629 - 245580 (+),forward,hypothetical RNA
CNAG_12359,null,4,CP003823: 278521 - 279829 (+),forward,hypothetical RNA
CNAG_12360,null,4,CP003823: 313921 - 314322 (-),reverse,hypothetical RNA
CNAG_12361,null,4,CP003823: 327849 - 329921 (-),reverse,hypothetical RNA
CNAG_12362,null,4,CP003823: 349806 - 350480 (+),forward,hypothetical RNA
CNAG_12363,null,4,CP003823: 359311 - 362601 (+),forward,hypothetical RNA
CNAG_12364,null,4,CP003823: 361838 - 362625 (-),reverse,hypothetical RNA
CNAG_12365,null,4,CP003823: 369118 - 371841 (+),forward,hypothetical RNA
CNAG_12366,null,4,CP003823: 418709 - 419133 (-),reverse,hypothetical RNA
CNAG_12367,null,4,CP003823: 436016 - 437344 (+),forward,hypothetical RNA
CNAG_12368,null,4,CP003823: 456607 - 457870 (-),reverse,hypothetical RNA
CNAG_12369,null,4,CP003823: 469298 - 470054 (-),reverse,hypothetical RNA
CNAG_12370,null,4,CP003823: 530594 - 531216 (+),forward,hypothetical RNA
CNAG_12371,null,4,CP003823: 542834 - 543432 (+),forward,hypothetical RNA
CNAG_12372,null,4,CP003823: 552454 - 552760 (+),forward,hypothetical RNA
CNAG_12373,null,4,CP003823: 573678 - 574164 (-),reverse,hypothetical RNA
CNAG_12374,null,4,CP003823: 580056 - 580770 (+),forward,hypothetical RNA
CNAG_12375,null,4,CP003823: 583526 - 585232 (+),forward,hypothetical RNA
CNAG_12376,null,4,CP003823: 587346 - 588146 (-),reverse,hypothetical RNA
CNAG_12377,null,4,CP003823: 588993 - 589619 (+),forward,hypothetical RNA
CNAG_12378,null,4,CP003823: 590540 - 591097 (-),reverse,hypothetical RNA
CNAG_12379,null,4,CP003823: 607650 - 608070 (-),reverse,hypothetical RNA
CNAG_12380,null,4,CP003823: 611728 - 611988 (-),reverse,hypothetical RNA
CNAG_12381,null,4,CP003823: 613529 - 614906 (-),reverse,hypothetical RNA
CNAG_12382,null,4,CP003823: 630501 - 632179 (+),forward,hypothetical RNA
CNAG_12383,null,4,CP003823: 651585 - 651988 (+),forward,hypothetical RNA
CNAG_12384,null,4,CP003823: 751904 - 752403 (-),reverse,hypothetical RNA
CNAG_12385,null,4,CP003823: 776801 - 777953 (+),forward,hypothetical RNA
CNAG_12386,null,4,CP003823: 793928 - 795123 (-),reverse,hypothetical RNA
CNAG_12387,null,4,CP003823: 826826 - 828323 (-),reverse,hypothetical RNA
CNAG_12388,null,4,CP003823: 828412 - 828854 (+),forward,hypothetical RNA
CNAG_12389,null,4,CP003823: 845752 - 846978 (+),forward,hypothetical RNA
CNAG_12390,null,4,CP003823: 855767 - 856605 (-),reverse,hypothetical RNA
CNAG_12391,null,4,CP003823: 879077 - 879995 (+),forward,hypothetical RNA
CNAG_12392,null,4,CP003823: 884508 - 885215 (-),reverse,hypothetical RNA
CNAG_12393,null,4,CP003823: 909794 - 910412 (+),forward,hypothetical RNA
CNAG_12394,null,4,CP003823: 909964 - 910417 (-),reverse,hypothetical RNA
CNAG_12395,null,4,CP003823: 917975 - 918623 (-),reverse,hypothetical RNA
CNAG_12396,null,4,CP003823: 931731 - 932802 (-),reverse,hypothetical RNA
CNAG_12397,null,4,CP003823: 940570 - 941878 (+),forward,hypothetical RNA
CNAG_12398,null,4,CP003823: 943710 - 944254 (+),forward,hypothetical RNA
CNAG_12399,null,4,CP003823: 944325 - 944855 (+),forward,hypothetical RNA
CNAG_12400,null,4,CP003823: 944936 - 945699 (-),reverse,hypothetical RNA
CNAG_12401,null,4,CP003823: 949367 - 950159 (-),reverse,hypothetical RNA
CNAG_12402,null,4,CP003823: 991734 - 992270 (+),forward,hypothetical RNA
CNAG_12403,null,4,CP003823: 996926 - 998559 (-),reverse,hypothetical RNA
CNAG_12404,null,4,CP003823: 999014 - 999418 (+),forward,hypothetical RNA
CNAG_12405,null,4,CP003823: 1033737 - 1034880 (+),forward,hypothetical RNA
CNAG_12406,null,4,CP003823: 1043485 - 1044035 (-),reverse,hypothetical RNA
CNAG_12407,null,4,CP003823: 1048971 - 1049432 (-),reverse,hypothetical RNA
CNAG_12408,null,5,CP003824: 13058 - 13727 (+),forward,hypothetical RNA
CNAG_12409,null,5,CP003824: 20093 - 20699 (-),reverse,hypothetical RNA
CNAG_12410,null,5,CP003824: 27599 - 29591 (-),reverse,hypothetical RNA
CNAG_12411,null,5,CP003824: 32160 - 32986 (-),reverse,hypothetical RNA
CNAG_12412,null,5,CP003824: 62807 - 65337 (-),reverse,hypothetical RNA
CNAG_12413,null,5,CP003824: 66762 - 67394 (-),reverse,hypothetical RNA
CNAG_12414,null,5,CP003824: 74224 - 74652 (-),reverse,hypothetical RNA
CNAG_12415,null,5,CP003824: 91143 - 93053 (-),reverse,hypothetical RNA
CNAG_12416,null,5,CP003824: 93144 - 93653 (-),reverse,hypothetical RNA
CNAG_12417,null,5,CP003824: 118216 - 119015 (-),reverse,hypothetical RNA
CNAG_12418,null,5,CP003824: 144313 - 146217 (-),reverse,hypothetical RNA
CNAG_12419,null,5,CP003824: 156291 - 158025 (+),forward,hypothetical RNA
CNAG_12420,null,5,CP003824: 182123 - 183182 (+),forward,hypothetical RNA
CNAG_12421,null,5,CP003824: 185870 - 187569 (-),reverse,hypothetical RNA
CNAG_12422,null,5,CP003824: 189214 - 189533 (+),forward,hypothetical RNA
CNAG_12423,null,5,CP003824: 192372 - 192704 (-),reverse,hypothetical RNA
CNAG_12424,null,5,CP003824: 192935 - 194380 (+),forward,hypothetical RNA
CNAG_12425,null,5,CP003824: 207817 - 208498 (+),forward,hypothetical RNA
CNAG_12426,null,5,CP003824: 214174 - 214705 (-),reverse,hypothetical RNA
CNAG_12427,null,5,CP003824: 223329 - 223829 (+),forward,hypothetical RNA
CNAG_12428,null,5,CP003824: 269260 - 270268 (-),reverse,hypothetical RNA
CNAG_12429,null,5,CP003824: 276399 - 277159 (+),forward,hypothetical RNA
CNAG_12430,null,5,CP003824: 308645 - 309424 (+),forward,hypothetical RNA
CNAG_12432,null,5,CP003824: 322547 - 323604 (+),forward,hypothetical RNA
CNAG_12433,null,5,CP003824: 332518 - 333092 (-),reverse,hypothetical RNA
CNAG_12434,null,5,CP003824: 435691 - 436141 (-),reverse,hypothetical RNA
CNAG_12435,null,5,CP003824: 441223 - 441983 (+),forward,hypothetical RNA
CNAG_12436,null,5,CP003824: 454828 - 455143 (-),reverse,hypothetical RNA
CNAG_12437,null,5,CP003824: 475423 - 475808 (+),forward,hypothetical RNA
CNAG_12438,null,5,CP003824: 476416 - 478594 (+),forward,hypothetical RNA
CNAG_12439,null,5,CP003824: 523533 - 524209 (+),forward,hypothetical RNA
CNAG_12440,null,5,CP003824: 540418 - 542302 (+),forward,hypothetical RNA
CNAG_12441,null,5,CP003824: 542440 - 543000 (+),forward,hypothetical RNA
CNAG_12442,null,5,CP003824: 572433 - 572971 (+),forward,hypothetical RNA
CNAG_12443,null,5,CP003824: 587152 - 589983 (+),forward,hypothetical RNA
CNAG_12444,null,5,CP003824: 629958 - 630936 (+),forward,hypothetical RNA
CNAG_12445,null,5,CP003824: 641084 - 641391 (-),reverse,hypothetical RNA
CNAG_12446,null,5,CP003824: 662043 - 663616 (-),reverse,hypothetical RNA
CNAG_12447,null,5,CP003824: 688735 - 689192 (+),forward,hypothetical RNA
CNAG_12448,null,5,CP003824: 700589 - 702314 (+),forward,hypothetical RNA
CNAG_12449,null,5,CP003824: 703305 - 705237 (+),forward,hypothetical RNA
CNAG_12450,null,5,CP003824: 719616 - 720059 (+),forward,hypothetical RNA
CNAG_12451,null,5,CP003824: 743264 - 743971 (+),forward,hypothetical RNA
CNAG_12452,null,5,CP003824: 786122 - 786632 (+),forward,hypothetical RNA
CNAG_12453,null,5,CP003824: 842257 - 843730 (-),reverse,hypothetical RNA
CNAG_12454,null,5,CP003824: 842361 - 842856 (+),forward,hypothetical RNA
CNAG_12455,null,5,CP003824: 858992 - 862673 (+),forward,hypothetical RNA
CNAG_12456,null,5,CP003824: 871833 - 872487 (-),reverse,hypothetical RNA
CNAG_12457,null,5,CP003824: 879456 - 881409 (+),forward,hypothetical RNA
CNAG_12458,null,5,CP003824: 910198 - 910921 (+),forward,hypothetical RNA
CNAG_12459,null,5,CP003824: 1037495 - 1037810 (-),reverse,hypothetical RNA
CNAG_12460,null,5,CP003824: 1043071 - 1043388 (-),reverse,hypothetical RNA
CNAG_12461,null,5,CP003824: 1098779 - 1100516 (-),reverse,hypothetical RNA
CNAG_12462,null,5,CP003824: 1117421 - 1117674 (-),reverse,hypothetical RNA
CNAG_12463,null,5,CP003824: 1120748 - 1121740 (+),forward,hypothetical RNA
CNAG_12464,null,5,CP003824: 1139475 - 1139724 (+),forward,hypothetical RNA
CNAG_12465,null,5,CP003824: 1139531 - 1139797 (-),reverse,hypothetical RNA
CNAG_12466,null,5,CP003824: 1153682 - 1154025 (+),forward,hypothetical RNA
CNAG_12467,null,5,CP003824: 1154158 - 1154359 (+),forward,hypothetical RNA
CNAG_12468,null,5,CP003824: 1157517 - 1158098 (-),reverse,hypothetical RNA
CNAG_12469,null,5,CP003824: 1161551 - 1162019 (+),forward,hypothetical RNA
CNAG_12470,null,5,CP003824: 1186506 - 1187397 (+),forward,hypothetical RNA
CNAG_12471,null,5,CP003824: 1186671 - 1187404 (-),reverse,hypothetical RNA
CNAG_12472,null,5,CP003824: 1205988 - 1208398 (+),forward,hypothetical RNA
CNAG_12473,null,5,CP003824: 1244858 - 1245876 (-),reverse,hypothetical RNA
CNAG_12474,null,5,CP003824: 1255031 - 1255521 (+),forward,hypothetical RNA
CNAG_12475,null,5,CP003824: 1260942 - 1261287 (+),forward,hypothetical RNA
CNAG_12476,null,5,CP003824: 1263454 - 1264175 (-),reverse,hypothetical RNA
CNAG_12477,null,5,CP003824: 1264684 - 1264837 (+),forward,hypothetical RNA
CNAG_12478,null,5,CP003824: 1269364 - 1269633 (-),reverse,hypothetical RNA
CNAG_12479,null,5,CP003824: 1273874 - 1274649 (+),forward,hypothetical RNA
CNAG_12480,null,5,CP003824: 1324572 - 1324756 (-),reverse,hypothetical RNA
CNAG_12481,null,5,CP003824: 1337745 - 1338300 (+),forward,hypothetical RNA
CNAG_12482,null,5,CP003824: 1349878 - 1352361 (-),reverse,hypothetical RNA
CNAG_12483,null,5,CP003824: 1361682 - 1362089 (+),forward,hypothetical RNA
CNAG_12484,null,5,CP003824: 1365926 - 1366636 (+),forward,hypothetical RNA
CNAG_12485,null,5,CP003824: 1369396 - 1369940 (+),forward,hypothetical RNA
CNAG_12486,null,5,CP003824: 1417735 - 1418017 (-),reverse,hypothetical RNA
CNAG_12487,null,5,CP003824: 1512851 - 1514423 (-),reverse,hypothetical RNA
CNAG_12488,null,5,CP003824: 1514914 - 1516073 (+),forward,hypothetical RNA
CNAG_12489,null,5,CP003824: 1535265 - 1536362 (-),reverse,hypothetical RNA
CNAG_12490,null,5,CP003824: 1539284 - 1539957 (-),reverse,hypothetical RNA
CNAG_12491,null,5,CP003824: 1560093 - 1560739 (-),reverse,hypothetical RNA
CNAG_12492,null,5,CP003824: 1563462 - 1564073 (-),reverse,hypothetical RNA
CNAG_12493,null,5,CP003824: 1595971 - 1597684 (+),forward,hypothetical RNA
CNAG_12494,null,5,CP003824: 1614302 - 1615396 (+),forward,hypothetical RNA
CNAG_12495,null,5,CP003824: 1619334 - 1620021 (-),reverse,hypothetical RNA
CNAG_12496,null,5,CP003824: 1628037 - 1628309 (+),forward,hypothetical RNA
CNAG_12497,null,5,CP003824: 1632181 - 1633651 (+),forward,hypothetical RNA
CNAG_12498,null,5,CP003824: 1645122 - 1648025 (+),forward,hypothetical RNA
CNAG_12499,null,5,CP003824: 1648595 - 1649118 (+),forward,hypothetical RNA
CNAG_12500,null,5,CP003824: 1652626 - 1653851 (-),reverse,hypothetical RNA
CNAG_12501,null,5,CP003824: 1673789 - 1675978 (-),reverse,hypothetical RNA
CNAG_12502,null,5,CP003824: 1684308 - 1685262 (+),forward,hypothetical RNA
CNAG_12503,null,5,CP003824: 1687153 - 1690413 (+),forward,hypothetical RNA
CNAG_12504,null,5,CP003824: 1695420 - 1696232 (+),forward,hypothetical RNA
CNAG_12505,null,5,CP003824: 1698766 - 1699580 (-),reverse,hypothetical RNA
CNAG_12506,null,5,CP003824: 1700857 - 1701297 (-),reverse,hypothetical RNA
CNAG_12507,null,5,CP003824: 1708907 - 1709262 (+),forward,hypothetical RNA
CNAG_12508,null,5,CP003824: 1709108 - 1710785 (-),reverse,hypothetical RNA
CNAG_12509,null,5,CP003824: 1727848 - 1728567 (-),reverse,hypothetical RNA
CNAG_12510,null,5,CP003824: 1734292 - 1736476 (-),reverse,hypothetical RNA
CNAG_12511,null,5,CP003824: 1773607 - 1774179 (+),forward,hypothetical RNA
CNAG_12512,null,5,CP003824: 1781531 - 1782068 (+),forward,hypothetical RNA
CNAG_12513,null,5,CP003824: 1796273 - 1797403 (-),reverse,hypothetical RNA
CNAG_12514,null,6,CP003825: 7572 - 8128 (+),forward,hypothetical RNA
CNAG_12515,null,6,CP003825: 55241 - 57131 (+),forward,hypothetical RNA
CNAG_12516,null,6,CP003825: 65112 - 67196 (-),reverse,hypothetical RNA
CNAG_12517,null,6,CP003825: 67344 - 67912 (+),forward,hypothetical RNA
CNAG_12518,null,6,CP003825: 83181 - 84599 (+),forward,hypothetical RNA
CNAG_12519,null,6,CP003825: 107515 - 109259 (-),reverse,hypothetical RNA
CNAG_12520,null,6,CP003825: 107764 - 109820 (+),forward,hypothetical RNA
CNAG_12521,null,6,CP003825: 109918 - 110317 (-),reverse,hypothetical RNA
CNAG_12522,null,6,CP003825: 128887 - 130592 (+),forward,hypothetical RNA
CNAG_12523,null,6,CP003825: 164121 - 164500 (+),forward,hypothetical RNA
CNAG_12524,null,6,CP003825: 170498 - 170816 (+),forward,hypothetical RNA
CNAG_12525,null,6,CP003825: 170598 - 171574 (-),reverse,hypothetical RNA
CNAG_12526,null,6,CP003825: 196702 - 198523 (+),forward,hypothetical RNA
CNAG_12527,null,6,CP003825: 201849 - 203070 (-),reverse,hypothetical RNA
CNAG_12528,null,6,CP003825: 208571 - 209419 (-),reverse,hypothetical RNA
CNAG_12529,null,6,CP003825: 220376 - 221215 (+),forward,hypothetical RNA
CNAG_12530,null,6,CP003825: 223801 - 224596 (-),reverse,hypothetical RNA
CNAG_12531,null,6,CP003825: 228954 - 229861 (-),reverse,hypothetical RNA
CNAG_12532,null,6,CP003825: 236608 - 237835 (+),forward,hypothetical RNA
CNAG_12533,null,6,CP003825: 251770 - 251973 (-),reverse,hypothetical RNA
CNAG_12534,null,6,CP003825: 264439 - 266028 (-),reverse,hypothetical RNA
CNAG_12535,null,6,CP003825: 266309 - 267708 (+),forward,hypothetical RNA
CNAG_12536,null,6,CP003825: 281689 - 282691 (-),reverse,hypothetical RNA
CNAG_12537,null,6,CP003825: 304958 - 306178 (+),forward,hypothetical RNA
CNAG_12538,null,6,CP003825: 323887 - 325524 (-),reverse,hypothetical RNA
CNAG_12539,null,6,CP003825: 325987 - 330596 (+),forward,hypothetical RNA
CNAG_12540,null,6,CP003825: 331873 - 333656 (-),reverse,hypothetical RNA
CNAG_12541,null,6,CP003825: 376567 - 379758 (-),reverse,hypothetical RNA
CNAG_12542,null,6,CP003825: 387004 - 387834 (+),forward,hypothetical RNA
CNAG_12543,null,6,CP003825: 387770 - 388206 (-),reverse,hypothetical RNA
CNAG_12544,null,6,CP003825: 388927 - 390128 (-),reverse,hypothetical RNA
CNAG_12545,null,6,CP003825: 389228 - 389680 (+),forward,hypothetical RNA
CNAG_12546,null,6,CP003825: 431733 - 432725 (+),forward,hypothetical RNA
CNAG_12547,null,6,CP003825: 435668 - 436486 (-),reverse,hypothetical RNA
CNAG_12548,null,6,CP003825: 447916 - 449701 (-),reverse,hypothetical RNA
CNAG_12549,null,6,CP003825: 458222 - 459341 (-),reverse,hypothetical RNA
CNAG_12550,null,6,CP003825: 494458 - 495493 (-),reverse,hypothetical RNA
CNAG_12551,null,6,CP003825: 495514 - 496537 (-),reverse,hypothetical RNA
CNAG_12552,null,6,CP003825: 495672 - 498866 (+),forward,hypothetical RNA
CNAG_12553,null,6,CP003825: 496562 - 497047 (-),reverse,hypothetical RNA
CNAG_12554,null,6,CP003825: 516569 - 517297 (-),reverse,hypothetical RNA
CNAG_12555,null,6,CP003825: 519531 - 521024 (-),reverse,hypothetical RNA
CNAG_12556,null,6,CP003825: 533246 - 533867 (-),reverse,hypothetical RNA
CNAG_12557,null,6,CP003825: 558468 - 559012 (-),reverse,hypothetical RNA
CNAG_12558,null,6,CP003825: 582287 - 583277 (+),forward,hypothetical RNA
CNAG_12559,null,6,CP003825: 583725 - 584384 (-),reverse,hypothetical RNA
CNAG_12560,null,6,CP003825: 613847 - 614396 (+),forward,hypothetical RNA
CNAG_12561,null,6,CP003825: 628717 - 630273 (-),reverse,hypothetical RNA
CNAG_12562,null,6,CP003825: 633692 - 635414 (+),forward,hypothetical RNA
CNAG_12563,null,6,CP003825: 648536 - 649160 (+),forward,hypothetical RNA
CNAG_12564,null,6,CP003825: 684642 - 685919 (-),reverse,hypothetical RNA
CNAG_12565,null,6,CP003825: 727966 - 729059 (-),reverse,hypothetical RNA
CNAG_12566,null,6,CP003825: 728705 - 730930 (+),forward,hypothetical RNA
CNAG_12567,null,6,CP003825: 737270 - 738123 (+),forward,hypothetical RNA
CNAG_12568,null,6,CP003825: 765456 - 766891 (-),reverse,hypothetical RNA
CNAG_12569,null,6,CP003825: 778873 - 780363 (-),reverse,hypothetical RNA
CNAG_12570,null,6,CP003825: 783486 - 784407 (-),reverse,hypothetical RNA
CNAG_12571,null,6,CP003825: 819723 - 820279 (+),forward,hypothetical RNA
CNAG_12572,null,6,CP003825: 821348 - 821810 (+),forward,hypothetical RNA
CNAG_12573,null,6,CP003825: 892921 - 893116 (+),forward,hypothetical RNA
CNAG_12574,null,6,CP003825: 933186 - 934415 (-),reverse,hypothetical RNA
CNAG_12575,null,6,CP003825: 939767 - 941723 (-),reverse,hypothetical RNA
CNAG_12576,null,6,CP003825: 944285 - 945257 (+),forward,hypothetical RNA
CNAG_12577,null,6,CP003825: 946741 - 947021 (+),forward,hypothetical RNA
CNAG_12578,null,6,CP003825: 947095 - 947492 (+),forward,hypothetical RNA
CNAG_12579,null,6,CP003825: 954280 - 955406 (-),reverse,hypothetical RNA
CNAG_12580,null,6,CP003825: 963924 - 968347 (+),forward,hypothetical RNA
CNAG_12581,null,6,CP003825: 981578 - 982826 (+),forward,hypothetical RNA
CNAG_12582,null,6,CP003825: 1049117 - 1049628 (-),reverse,hypothetical RNA
CNAG_12583,null,6,CP003825: 1049200 - 1049669 (+),forward,hypothetical RNA
CNAG_12584,null,6,CP003825: 1049763 - 1050684 (+),forward,hypothetical RNA
CNAG_12585,null,6,CP003825: 1060950 - 1062922 (+),forward,hypothetical RNA
CNAG_12586,null,6,CP003825: 1096659 - 1100600 (+),forward,hypothetical RNA
CNAG_12588,null,6,CP003825: 1123473 - 1124023 (+),forward,hypothetical RNA
CNAG_12589,null,6,CP003825: 1131073 - 1131363 (+),forward,hypothetical RNA
CNAG_12590,null,6,CP003825: 1144667 - 1145848 (-),reverse,hypothetical RNA
CNAG_12591,null,6,CP003825: 1150112 - 1151458 (-),reverse,hypothetical RNA
CNAG_12592,null,6,CP003825: 1170058 - 1170409 (-),reverse,hypothetical RNA
CNAG_12593,null,6,CP003825: 1176601 - 1177040 (+),forward,hypothetical RNA
CNAG_12594,null,6,CP003825: 1208350 - 1209648 (+),forward,hypothetical RNA
CNAG_12596,null,6,CP003825: 1239672 - 1240225 (+),forward,hypothetical RNA
CNAG_12597,null,6,CP003825: 1241994 - 1244169 (+),forward,hypothetical RNA
CNAG_12598,null,6,CP003825: 1245837 - 1247041 (+),forward,hypothetical RNA
CNAG_12599,null,6,CP003825: 1290311 - 1290619 (-),reverse,hypothetical RNA
CNAG_12600,null,6,CP003825: 1312170 - 1314856 (-),reverse,hypothetical RNA
CNAG_12601,null,6,CP003825: 1317159 - 1318452 (-),reverse,hypothetical RNA
CNAG_12602,null,6,CP003825: 1322868 - 1324077 (-),reverse,hypothetical RNA
CNAG_12603,null,6,CP003825: 1324167 - 1326002 (+),forward,hypothetical RNA
CNAG_12604,null,6,CP003825: 1349676 - 1349921 (-),reverse,hypothetical RNA
CNAG_12605,null,6,CP003825: 1378569 - 1380429 (-),reverse,hypothetical RNA
CNAG_12606,null,6,CP003825: 1385406 - 1385918 (-),reverse,hypothetical RNA
CNAG_12607,null,6,CP003825: 1410154 - 1410899 (+),forward,hypothetical RNA
CNAG_12608,null,7,CP003826: 18976 - 20653 (-),reverse,hypothetical RNA
CNAG_12609,null,7,CP003826: 25405 - 26984 (-),reverse,hypothetical RNA
CNAG_12610,null,7,CP003826: 45069 - 45328 (-),reverse,hypothetical RNA
CNAG_12611,null,7,CP003826: 49683 - 50079 (+),forward,hypothetical RNA
CNAG_12612,null,7,CP003826: 76484 - 77831 (-),reverse,hypothetical RNA
CNAG_12613,null,7,CP003826: 77963 - 78396 (-),reverse,hypothetical RNA
CNAG_12614,null,7,CP003826: 122305 - 123119 (+),forward,hypothetical RNA
CNAG_12615,null,7,CP003826: 141728 - 142402 (+),forward,hypothetical RNA
CNAG_12616,null,7,CP003826: 143198 - 144849 (+),forward,hypothetical RNA
CNAG_12617,null,7,CP003826: 149840 - 150670 (-),reverse,hypothetical RNA
CNAG_12618,null,7,CP003826: 153756 - 155660 (+),forward,hypothetical RNA
CNAG_12619,null,7,CP003826: 166681 - 167687 (-),reverse,hypothetical RNA
CNAG_12620,null,7,CP003826: 176439 - 177478 (-),reverse,hypothetical RNA
CNAG_12621,null,7,CP003826: 182795 - 184258 (-),reverse,hypothetical RNA
CNAG_12622,null,7,CP003826: 185880 - 187803 (-),reverse,hypothetical RNA
CNAG_12623,null,7,CP003826: 193210 - 193594 (-),reverse,hypothetical RNA
CNAG_12624,null,7,CP003826: 203786 - 204702 (-),reverse,hypothetical RNA
CNAG_12625,null,7,CP003826: 209285 - 210147 (-),reverse,hypothetical RNA
CNAG_12626,null,7,CP003826: 209786 - 210470 (+),forward,hypothetical RNA
CNAG_12627,null,7,CP003826: 241063 - 242205 (-),reverse,hypothetical RNA
CNAG_12628,null,7,CP003826: 261625 - 264199 (-),reverse,hypothetical RNA
CNAG_12629,null,7,CP003826: 266916 - 269454 (+),forward,hypothetical RNA
CNAG_12630,null,7,CP003826: 272855 - 274834 (+),forward,hypothetical RNA
CNAG_12631,null,7,CP003826: 277488 - 277811 (+),forward,hypothetical RNA
CNAG_12632,null,7,CP003826: 285580 - 286617 (-),reverse,hypothetical RNA
CNAG_12633,null,7,CP003826: 285584 - 286810 (+),forward,hypothetical RNA
CNAG_12635,null,7,CP003826: 294329 - 294741 (+),forward,hypothetical RNA
CNAG_12636,null,7,CP003826: 317901 - 318536 (+),forward,hypothetical RNA
CNAG_12637,null,7,CP003826: 318519 - 318906 (-),reverse,hypothetical RNA
CNAG_12639,null,7,CP003826: 321584 - 321984 (+),forward,hypothetical RNA
CNAG_12640,null,7,CP003826: 335453 - 335625 (+),forward,hypothetical RNA
CNAG_12641,null,7,CP003826: 341523 - 342284 (-),reverse,hypothetical RNA
CNAG_12642,null,7,CP003826: 351269 - 353354 (+),forward,hypothetical RNA
CNAG_12643,null,7,CP003826: 386079 - 386354 (+),forward,hypothetical RNA
CNAG_12644,null,7,CP003826: 413318 - 414877 (-),reverse,hypothetical RNA
CNAG_12645,null,7,CP003826: 419841 - 420549 (-),reverse,hypothetical RNA
CNAG_12646,null,7,CP003826: 436208 - 436677 (+),forward,hypothetical RNA
CNAG_12647,null,7,CP003826: 436372 - 440038 (-),reverse,hypothetical RNA
CNAG_12648,null,7,CP003826: 444187 - 445689 (+),forward,hypothetical RNA
CNAG_12649,null,7,CP003826: 454104 - 456062 (-),reverse,hypothetical RNA
CNAG_12650,null,7,CP003826: 456436 - 457095 (+),forward,hypothetical RNA
CNAG_12651,null,7,CP003826: 473869 - 474930 (-),reverse,hypothetical RNA
CNAG_12652,null,7,CP003826: 488060 - 489373 (+),forward,hypothetical RNA
CNAG_12653,null,7,CP003826: 518787 - 519408 (-),reverse,hypothetical RNA
CNAG_12654,null,7,CP003826: 521772 - 522240 (+),forward,hypothetical RNA
CNAG_12655,null,7,CP003826: 522288 - 523261 (-),reverse,hypothetical RNA
CNAG_12656,null,7,CP003826: 585750 - 586025 (-),reverse,hypothetical RNA
CNAG_12657,null,7,CP003826: 586309 - 587131 (+),forward,hypothetical RNA
CNAG_12658,null,7,CP003826: 589328 - 589906 (+),forward,hypothetical RNA
CNAG_12659,null,7,CP003826: 593004 - 594989 (-),reverse,hypothetical RNA
CNAG_12660,null,7,CP003826: 608414 - 609520 (+),forward,hypothetical RNA
CNAG_12661,null,7,CP003826: 610276 - 610818 (-),reverse,hypothetical RNA
CNAG_12662,null,7,CP003826: 610511 - 611013 (+),forward,hypothetical RNA
CNAG_12663,null,7,CP003826: 615200 - 616051 (-),reverse,hypothetical RNA
CNAG_12664,null,7,CP003826: 616200 - 617000 (+),forward,hypothetical RNA
CNAG_12665,null,7,CP003826: 630008 - 630650 (-),reverse,hypothetical RNA
CNAG_12666,null,7,CP003826: 642272 - 642788 (-),reverse,hypothetical RNA
CNAG_12667,null,7,CP003826: 651841 - 652364 (-),reverse,hypothetical RNA
CNAG_12668,null,7,CP003826: 667383 - 669339 (+),forward,hypothetical RNA
CNAG_12669,null,7,CP003826: 693545 - 693682 (-),reverse,hypothetical RNA
CNAG_12670,null,7,CP003826: 711757 - 713089 (-),reverse,hypothetical RNA
CNAG_12671,null,7,CP003826: 715348 - 717531 (-),reverse,hypothetical RNA
CNAG_12672,null,7,CP003826: 730793 - 731085 (+),forward,hypothetical RNA
CNAG_12673,null,7,CP003826: 738290 - 739691 (-),reverse,hypothetical RNA
CNAG_12674,null,7,CP003826: 785819 - 787135 (-),reverse,hypothetical RNA
CNAG_12675,null,7,CP003826: 797112 - 799207 (+),forward,hypothetical RNA
CNAG_12676,null,7,CP003826: 799772 - 801865 (-),reverse,hypothetical RNA
CNAG_12677,null,7,CP003826: 839482 - 840622 (+),forward,hypothetical RNA
CNAG_12678,null,7,CP003826: 859497 - 862756 (+),forward,hypothetical RNA
CNAG_12679,null,7,CP003826: 865834 - 866399 (+),forward,hypothetical RNA
CNAG_12680,null,7,CP003826: 867453 - 871479 (+),forward,hypothetical RNA
CNAG_12681,null,7,CP003826: 885779 - 886527 (-),reverse,hypothetical RNA
CNAG_12682,null,7,CP003826: 939217 - 941061 (+),forward,hypothetical RNA
CNAG_12683,null,7,CP003826: 961030 - 963232 (+),forward,hypothetical RNA
CNAG_12684,null,7,CP003826: 988442 - 989105 (-),reverse,hypothetical RNA
CNAG_12685,null,7,CP003826: 1007865 - 1008615 (-),reverse,hypothetical RNA
CNAG_12686,null,7,CP003826: 1049872 - 1050178 (+),forward,hypothetical RNA
CNAG_12687,null,7,CP003826: 1050226 - 1050365 (+),forward,hypothetical RNA
CNAG_12688,null,7,CP003826: 1072608 - 1072853 (+),forward,hypothetical RNA
CNAG_12689,null,7,CP003826: 1083490 - 1085523 (-),reverse,hypothetical RNA
CNAG_12690,null,7,CP003826: 1090757 - 1091535 (+),forward,hypothetical RNA
CNAG_12691,null,7,CP003826: 1116146 - 1118842 (+),forward,hypothetical RNA
CNAG_12692,null,7,CP003826: 1126594 - 1127037 (+),forward,hypothetical RNA
CNAG_12693,null,7,CP003826: 1153884 - 1154792 (+),forward,hypothetical RNA
CNAG_12694,null,7,CP003826: 1158564 - 1158706 (+),forward,hypothetical RNA
CNAG_12695,null,7,CP003826: 1166008 - 1166529 (+),forward,hypothetical RNA
CNAG_12696,null,7,CP003826: 1183330 - 1186606 (-),reverse,hypothetical RNA
CNAG_12697,null,7,CP003826: 1189395 - 1191150 (+),forward,hypothetical RNA
CNAG_12698,null,7,CP003826: 1194246 - 1195838 (-),reverse,hypothetical RNA
CNAG_12699,null,7,CP003826: 1219883 - 1222180 (+),forward,hypothetical RNA
CNAG_12700,null,7,CP003826: 1222677 - 1225774 (+),forward,hypothetical RNA
CNAG_12701,null,7,CP003826: 1228182 - 1228646 (+),forward,hypothetical RNA
CNAG_12702,null,7,CP003826: 1269999 - 1271039 (+),forward,hypothetical RNA
CNAG_12703,null,7,CP003826: 1275874 - 1277400 (-),reverse,hypothetical RNA
CNAG_12704,null,7,CP003826: 1278502 - 1279875 (-),reverse,hypothetical RNA
CNAG_12705,null,7,CP003826: 1291342 - 1291670 (-),reverse,hypothetical RNA
CNAG_12706,null,7,CP003826: 1301891 - 1303179 (+),forward,hypothetical RNA
CNAG_12707,null,7,CP003826: 1304953 - 1305818 (+),forward,hypothetical RNA
CNAG_12708,null,7,CP003826: 1329025 - 1329428 (-),reverse,hypothetical RNA
CNAG_12709,null,7,CP003826: 1335542 - 1336739 (-),reverse,hypothetical RNA
CNAG_12710,null,7,CP003826: 1352198 - 1353233 (+),forward,hypothetical RNA
CNAG_12711,null,7,CP003826: 1363209 - 1364471 (-),reverse,hypothetical RNA
CNAG_12712,null,7,CP003826: 1365716 - 1369039 (-),reverse,hypothetical RNA
CNAG_12713,null,7,CP003826: 1369064 - 1369734 (+),forward,hypothetical RNA
CNAG_12714,null,7,CP003826: 1370577 - 1370841 (-),reverse,hypothetical RNA
CNAG_12715,null,8,CP003827: 32547 - 33431 (+),forward,hypothetical RNA
CNAG_12716,null,8,CP003827: 66149 - 67626 (+),forward,hypothetical RNA
CNAG_12717,null,8,CP003827: 77284 - 77575 (-),reverse,hypothetical RNA
CNAG_12718,null,8,CP003827: 88328 - 89290 (-),reverse,hypothetical RNA
CNAG_12719,null,8,CP003827: 88357 - 89312 (+),forward,hypothetical RNA
CNAG_12720,null,8,CP003827: 89940 - 92369 (-),reverse,hypothetical RNA
CNAG_12721,null,8,CP003827: 122261 - 123005 (-),reverse,hypothetical RNA
CNAG_12722,null,8,CP003827: 157541 - 158950 (+),forward,hypothetical RNA
CNAG_12723,null,8,CP003827: 171959 - 172503 (+),forward,hypothetical RNA
CNAG_12724,null,8,CP003827: 192086 - 192690 (+),forward,hypothetical RNA
CNAG_12725,null,8,CP003827: 192741 - 193624 (+),forward,hypothetical RNA
CNAG_12726,null,8,CP003827: 202124 - 203392 (+),forward,hypothetical RNA
CNAG_12727,null,8,CP003827: 202665 - 203461 (-),reverse,hypothetical RNA
CNAG_12728,null,8,CP003827: 216378 - 218486 (-),reverse,hypothetical RNA
CNAG_12729,null,8,CP003827: 230049 - 230767 (+),forward,hypothetical RNA
CNAG_12730,null,8,CP003827: 237268 - 238742 (+),forward,hypothetical RNA
CNAG_12731,null,8,CP003827: 248074 - 248634 (+),forward,hypothetical RNA
CNAG_12732,null,8,CP003827: 259332 - 262581 (+),forward,hypothetical RNA
CNAG_12733,null,8,CP003827: 266212 - 267549 (-),reverse,hypothetical RNA
CNAG_12734,null,8,CP003827: 268575 - 270760 (-),reverse,hypothetical RNA
CNAG_12735,null,8,CP003827: 316947 - 317636 (-),reverse,hypothetical RNA
CNAG_12736,null,8,CP003827: 322387 - 323151 (-),reverse,hypothetical RNA
CNAG_12737,null,8,CP003827: 356571 - 356763 (+),forward,hypothetical RNA
CNAG_12738,null,8,CP003827: 381580 - 383341 (-),reverse,hypothetical RNA
CNAG_12739,null,8,CP003827: 385589 - 386764 (+),forward,hypothetical RNA
CNAG_12740,null,8,CP003827: 390973 - 392044 (+),forward,hypothetical RNA
CNAG_12741,null,8,CP003827: 397183 - 398621 (+),forward,hypothetical RNA
CNAG_12742,null,8,CP003827: 401074 - 401831 (-),reverse,hypothetical RNA
CNAG_12743,null,8,CP003827: 423297 - 424011 (+),forward,hypothetical RNA
CNAG_12744,null,8,CP003827: 431192 - 431854 (-),reverse,hypothetical RNA
CNAG_12745,null,8,CP003827: 452000 - 452992 (+),forward,hypothetical RNA
CNAG_12746,null,8,CP003827: 452117 - 452669 (-),reverse,hypothetical RNA
CNAG_12747,null,8,CP003827: 453049 - 454226 (-),reverse,hypothetical RNA
CNAG_12748,null,8,CP003827: 456805 - 458008 (-),reverse,hypothetical RNA
CNAG_12749,null,8,CP003827: 521082 - 522196 (-),reverse,hypothetical RNA
CNAG_12750,null,8,CP003827: 552646 - 553902 (-),reverse,hypothetical RNA
CNAG_12751,null,8,CP003827: 579730 - 580583 (+),forward,hypothetical RNA
CNAG_12752,null,8,CP003827: 587910 - 588771 (-),reverse,hypothetical RNA
CNAG_12753,null,8,CP003827: 607757 - 610154 (+),forward,hypothetical RNA
CNAG_12754,null,8,CP003827: 615112 - 617667 (+),forward,hypothetical RNA
CNAG_12755,null,8,CP003827: 618929 - 620393 (-),reverse,hypothetical RNA
CNAG_12756,null,8,CP003827: 708661 - 709237 (+),forward,hypothetical RNA
CNAG_12757,null,8,CP003827: 709277 - 709569 (-),reverse,hypothetical RNA
CNAG_12758,null,8,CP003827: 729080 - 729998 (-),reverse,hypothetical RNA
CNAG_12759,null,8,CP003827: 755315 - 755897 (-),reverse,hypothetical RNA
CNAG_12760,null,8,CP003827: 756444 - 758273 (-),reverse,hypothetical RNA
CNAG_12761,null,8,CP003827: 775145 - 776206 (-),reverse,hypothetical RNA
CNAG_12762,null,8,CP003827: 781775 - 784701 (+),forward,hypothetical RNA
CNAG_12763,null,8,CP003827: 817336 - 819342 (+),forward,hypothetical RNA
CNAG_12764,null,8,CP003827: 823787 - 824629 (-),reverse,hypothetical RNA
CNAG_12765,null,8,CP003827: 846945 - 847981 (-),reverse,hypothetical RNA
CNAG_12766,null,8,CP003827: 874894 - 876303 (+),forward,hypothetical RNA
CNAG_12767,null,8,CP003827: 877199 - 879057 (-),reverse,hypothetical RNA
CNAG_12768,null,8,CP003827: 939348 - 939941 (+),forward,hypothetical RNA
CNAG_12769,null,8,CP003827: 947839 - 948970 (+),forward,hypothetical RNA
CNAG_12770,null,8,CP003827: 952914 - 953908 (+),forward,hypothetical RNA
CNAG_12771,null,8,CP003827: 967164 - 968279 (-),reverse,hypothetical RNA
CNAG_12772,null,8,CP003827: 989245 - 991703 (-),reverse,hypothetical RNA
CNAG_12773,null,8,CP003827: 992102 - 994416 (+),forward,hypothetical RNA
CNAG_12774,null,8,CP003827: 1013697 - 1014175 (-),reverse,hypothetical RNA
CNAG_12775,null,8,CP003827: 1014357 - 1015015 (-),reverse,hypothetical RNA
CNAG_12776,null,8,CP003827: 1016566 - 1017509 (-),reverse,hypothetical RNA
CNAG_12777,null,8,CP003827: 1017595 - 1018841 (-),reverse,hypothetical RNA
CNAG_12778,null,8,CP003827: 1017628 - 1019066 (+),forward,hypothetical RNA
CNAG_12779,null,8,CP003827: 1038188 - 1041117 (+),forward,hypothetical RNA
CNAG_12780,null,8,CP003827: 1046593 - 1048016 (-),reverse,hypothetical RNA
CNAG_12781,null,8,CP003827: 1059594 - 1060760 (+),forward,hypothetical RNA
CNAG_12782,null,8,CP003827: 1064231 - 1065984 (-),reverse,hypothetical RNA
CNAG_12783,null,8,CP003827: 1070765 - 1071226 (-),reverse,hypothetical RNA
CNAG_12784,null,8,CP003827: 1096692 - 1098376 (-),reverse,hypothetical RNA
CNAG_12785,null,8,CP003827: 1104747 - 1105344 (+),forward,hypothetical RNA
CNAG_12786,null,8,CP003827: 1105848 - 1107502 (-),reverse,hypothetical RNA
CNAG_12787,null,8,CP003827: 1111267 - 1113510 (+),forward,hypothetical RNA
CNAG_12788,null,8,CP003827: 1115375 - 1116995 (+),forward,hypothetical RNA
CNAG_12789,null,8,CP003827: 1117466 - 1123217 (+),forward,hypothetical RNA
CNAG_12790,null,8,CP003827: 1137807 - 1140857 (-),reverse,hypothetical RNA
CNAG_12791,null,8,CP003827: 1162723 - 1163272 (+),forward,hypothetical RNA
CNAG_12792,null,8,CP003827: 1171623 - 1171851 (+),forward,hypothetical RNA
CNAG_12793,null,8,CP003827: 1171939 - 1173032 (+),forward,hypothetical RNA
CNAG_12794,null,8,CP003827: 1225423 - 1226443 (+),forward,hypothetical RNA
CNAG_12795,null,8,CP003827: 1235977 - 1237558 (+),forward,hypothetical RNA
CNAG_12796,null,8,CP003827: 1243697 - 1244094 (-),reverse,hypothetical RNA
CNAG_12797,null,8,CP003827: 1246722 - 1247916 (-),reverse,hypothetical RNA
CNAG_12798,null,8,CP003827: 1251126 - 1253916 (+),forward,hypothetical RNA
CNAG_12799,null,8,CP003827: 1257593 - 1259351 (+),forward,hypothetical RNA
CNAG_12800,null,8,CP003827: 1299015 - 1300657 (-),reverse,hypothetical RNA
CNAG_12801,null,8,CP003827: 1302085 - 1303908 (+),forward,hypothetical RNA
CNAG_12802,null,8,CP003827: 1303349 - 1303839 (-),reverse,hypothetical RNA
CNAG_12803,null,8,CP003827: 1306390 - 1306934 (-),reverse,hypothetical RNA
CNAG_12804,null,8,CP003827: 1309610 - 1310759 (-),reverse,hypothetical RNA
CNAG_12805,null,8,CP003827: 1324588 - 1326431 (-),reverse,hypothetical RNA
CNAG_12806,null,8,CP003827: 1363287 - 1363948 (-),reverse,hypothetical RNA
CNAG_12807,null,8,CP003827: 1363716 - 1366193 (+),forward,hypothetical RNA
CNAG_12808,null,8,CP003827: 1372073 - 1373360 (+),forward,hypothetical RNA
CNAG_12809,null,8,CP003827: 1388726 - 1389184 (+),forward,hypothetical RNA
CNAG_12810,null,9,CP003828: 10010 - 10332 (-),reverse,hypothetical RNA
CNAG_12811,null,9,CP003828: 26555 - 28064 (+),forward,hypothetical RNA
CNAG_12812,null,9,CP003828: 32513 - 33224 (-),reverse,hypothetical RNA
CNAG_12813,null,9,CP003828: 55926 - 57139 (+),forward,hypothetical RNA
CNAG_12814,null,9,CP003828: 57222 - 58123 (+),forward,hypothetical RNA
CNAG_12815,null,9,CP003828: 69134 - 70345 (+),forward,hypothetical RNA
CNAG_12816,null,9,CP003828: 73754 - 77458 (-),reverse,hypothetical RNA
CNAG_12817,null,9,CP003828: 81798 - 82929 (+),forward,hypothetical RNA
CNAG_12818,null,9,CP003828: 109387 - 109973 (+),forward,hypothetical RNA
CNAG_12819,null,9,CP003828: 110100 - 110594 (+),forward,hypothetical RNA
CNAG_12820,null,9,CP003828: 111224 - 112130 (-),reverse,hypothetical RNA
CNAG_12821,null,9,CP003828: 118034 - 119451 (+),forward,hypothetical RNA
CNAG_12822,null,9,CP003828: 149933 - 151053 (-),reverse,hypothetical RNA
CNAG_12823,null,9,CP003828: 186276 - 188999 (-),reverse,hypothetical RNA
CNAG_12824,null,9,CP003828: 207102 - 207480 (+),forward,hypothetical RNA
CNAG_12825,null,9,CP003828: 207745 - 209206 (-),reverse,hypothetical RNA
CNAG_12826,null,9,CP003828: 207771 - 208395 (+),forward,hypothetical RNA
CNAG_12827,null,9,CP003828: 220193 - 221097 (-),reverse,hypothetical RNA
CNAG_12828,null,9,CP003828: 221278 - 221699 (+),forward,hypothetical RNA
CNAG_12829,null,9,CP003828: 237292 - 238202 (-),reverse,hypothetical RNA
CNAG_12830,null,9,CP003828: 290533 - 291418 (+),forward,hypothetical RNA
CNAG_12831,null,9,CP003828: 313627 - 314064 (+),forward,hypothetical RNA
CNAG_12832,null,9,CP003828: 317783 - 319163 (-),reverse,hypothetical RNA
CNAG_12833,null,9,CP003828: 345951 - 348572 (+),forward,hypothetical RNA
CNAG_12834,null,9,CP003828: 381095 - 382893 (-),reverse,hypothetical RNA
CNAG_12835,null,9,CP003828: 381938 - 382542 (+),forward,hypothetical RNA
CNAG_12836,null,9,CP003828: 401613 - 402370 (-),reverse,hypothetical RNA
CNAG_12837,null,9,CP003828: 427061 - 427784 (+),forward,hypothetical RNA
CNAG_12838,null,9,CP003828: 437299 - 437684 (+),forward,hypothetical RNA
CNAG_12839,null,9,CP003828: 451700 - 453169 (+),forward,hypothetical RNA
CNAG_12840,null,9,CP003828: 481743 - 482882 (+),forward,hypothetical RNA
CNAG_12841,null,9,CP003828: 493450 - 495466 (-),reverse,hypothetical RNA
CNAG_12842,null,9,CP003828: 558544 - 558972 (-),reverse,hypothetical RNA
CNAG_12843,null,9,CP003828: 585360 - 588401 (+),forward,hypothetical RNA
CNAG_12844,null,9,CP003828: 614746 - 615101 (-),reverse,hypothetical RNA
CNAG_12845,null,9,CP003828: 622336 - 622975 (+),forward,hypothetical RNA
CNAG_12846,null,9,CP003828: 624820 - 625194 (+),forward,hypothetical RNA
CNAG_12847,null,9,CP003828: 640259 - 641325 (-),reverse,hypothetical RNA
CNAG_12848,null,9,CP003828: 677472 - 678596 (-),reverse,hypothetical RNA
CNAG_12849,null,9,CP003828: 707265 - 707892 (+),forward,hypothetical RNA
CNAG_12850,null,9,CP003828: 797600 - 797840 (-),reverse,hypothetical RNA
CNAG_12851,null,9,CP003828: 802569 - 803599 (-),reverse,hypothetical RNA
CNAG_12852,null,9,CP003828: 833856 - 834542 (-),reverse,hypothetical RNA
CNAG_12853,null,9,CP003828: 834643 - 836389 (+),forward,hypothetical RNA
CNAG_12854,null,9,CP003828: 907096 - 908116 (+),forward,hypothetical RNA
CNAG_12855,null,9,CP003828: 913105 - 913527 (-),reverse,hypothetical RNA
CNAG_12856,null,9,CP003828: 919400 - 920828 (-),reverse,hypothetical RNA
CNAG_12857,null,9,CP003828: 924317 - 925079 (-),reverse,hypothetical RNA
CNAG_12858,null,9,CP003828: 925254 - 925693 (-),reverse,hypothetical RNA
CNAG_12860,null,9,CP003828: 932594 - 933229 (-),reverse,hypothetical RNA
CNAG_12861,null,9,CP003828: 933444 - 933916 (-),reverse,hypothetical RNA
CNAG_12862,null,9,CP003828: 933959 - 934667 (-),reverse,hypothetical RNA
CNAG_12863,null,9,CP003828: 943538 - 945514 (+),forward,hypothetical RNA
CNAG_12864,null,9,CP003828: 952024 - 952373 (+),forward,hypothetical RNA
CNAG_12865,null,9,CP003828: 996788 - 998643 (+),forward,hypothetical RNA
CNAG_12866,null,9,CP003828: 1035234 - 1036408 (+),forward,hypothetical RNA
CNAG_12867,null,9,CP003828: 1039966 - 1041680 (+),forward,hypothetical RNA
CNAG_12868,null,9,CP003828: 1061476 - 1062558 (-),reverse,hypothetical RNA
CNAG_12869,null,9,CP003828: 1065539 - 1066238 (+),forward,hypothetical RNA
CNAG_12870,null,9,CP003828: 1066491 - 1066993 (-),reverse,hypothetical RNA
CNAG_12871,null,9,CP003828: 1070517 - 1072174 (+),forward,hypothetical RNA
CNAG_12872,null,9,CP003828: 1096298 - 1098800 (-),reverse,hypothetical RNA
CNAG_12873,null,9,CP003828: 1129524 - 1132076 (+),forward,hypothetical RNA
CNAG_12874,null,9,CP003828: 1146606 - 1149594 (+),forward,hypothetical RNA
CNAG_12875,null,9,CP003828: 1154996 - 1155685 (-),reverse,hypothetical RNA
CNAG_12876,null,9,CP003828: 1157619 - 1159495 (+),forward,hypothetical RNA
CNAG_12877,null,9,CP003828: 1165767 - 1167889 (-),reverse,hypothetical RNA
CNAG_12878,null,10,CP003829: 24871 - 26024 (-),reverse,hypothetical RNA
CNAG_12879,null,10,CP003829: 33867 - 35368 (+),forward,hypothetical RNA
CNAG_12880,null,10,CP003829: 51925 - 52706 (+),forward,hypothetical RNA
CNAG_12881,null,10,CP003829: 81045 - 81946 (+),forward,hypothetical RNA
CNAG_12882,null,10,CP003829: 84991 - 86764 (-),reverse,hypothetical RNA
CNAG_12883,null,10,CP003829: 109512 - 110962 (+),forward,hypothetical RNA
CNAG_12884,null,10,CP003829: 117453 - 118041 (-),reverse,hypothetical RNA
CNAG_12885,null,10,CP003829: 131802 - 133460 (+),forward,hypothetical RNA
CNAG_12886,null,10,CP003829: 150202 - 151871 (-),reverse,hypothetical RNA
CNAG_12887,null,10,CP003829: 167614 - 168657 (-),reverse,hypothetical RNA
CNAG_12888,null,10,CP003829: 169288 - 169786 (-),reverse,hypothetical RNA
CNAG_12889,null,10,CP003829: 179867 - 180359 (+),forward,hypothetical RNA
CNAG_12890,null,10,CP003829: 187181 - 188199 (-),reverse,hypothetical RNA
CNAG_12891,null,10,CP003829: 239922 - 240565 (+),forward,hypothetical RNA
CNAG_12892,null,10,CP003829: 242624 - 244206 (+),forward,hypothetical RNA
CNAG_12893,null,10,CP003829: 261138 - 262502 (+),forward,hypothetical RNA
CNAG_12894,null,10,CP003829: 267264 - 267600 (+),forward,hypothetical RNA
CNAG_12895,null,10,CP003829: 297045 - 297712 (-),reverse,hypothetical RNA
CNAG_12896,null,10,CP003829: 303557 - 305536 (-),reverse,hypothetical RNA
CNAG_12897,null,10,CP003829: 333478 - 334492 (+),forward,hypothetical RNA
CNAG_12898,null,10,CP003829: 334781 - 335884 (-),reverse,hypothetical RNA
CNAG_12899,null,10,CP003829: 336251 - 336771 (+),forward,hypothetical RNA
CNAG_12900,null,10,CP003829: 343569 - 344025 (-),reverse,hypothetical RNA
CNAG_12901,null,10,CP003829: 350972 - 351953 (-),reverse,hypothetical RNA
CNAG_12902,null,10,CP003829: 384956 - 385904 (-),reverse,hypothetical RNA
CNAG_12903,null,10,CP003829: 402988 - 403778 (+),forward,hypothetical RNA
CNAG_12904,null,10,CP003829: 427728 - 428397 (+),forward,hypothetical RNA
CNAG_12905,null,10,CP003829: 442297 - 442844 (+),forward,hypothetical RNA
CNAG_12906,null,10,CP003829: 443186 - 446127 (+),forward,hypothetical RNA
CNAG_12907,null,10,CP003829: 446262 - 446764 (+),forward,hypothetical RNA
CNAG_12908,null,10,CP003829: 462344 - 463445 (+),forward,hypothetical RNA
CNAG_12909,null,10,CP003829: 473422 - 477635 (+),forward,hypothetical RNA
CNAG_12910,null,10,CP003829: 477475 - 479770 (-),reverse,hypothetical RNA
CNAG_12911,null,10,CP003829: 481927 - 484121 (+),forward,hypothetical RNA
CNAG_12912,null,10,CP003829: 485526 - 486201 (-),reverse,hypothetical RNA
CNAG_12913,null,10,CP003829: 493639 - 495240 (-),reverse,hypothetical RNA
CNAG_12914,null,10,CP003829: 494914 - 497273 (+),forward,hypothetical RNA
CNAG_12915,null,10,CP003829: 501910 - 502523 (-),reverse,hypothetical RNA
CNAG_12916,null,10,CP003829: 506719 - 508128 (-),reverse,hypothetical RNA
CNAG_12917,null,10,CP003829: 541592 - 542773 (+),forward,hypothetical RNA
CNAG_12918,null,10,CP003829: 561974 - 562526 (-),reverse,hypothetical RNA
CNAG_12919,null,10,CP003829: 581176 - 581798 (-),reverse,hypothetical RNA
CNAG_12920,null,10,CP003829: 587098 - 588334 (-),reverse,hypothetical RNA
CNAG_12921,null,10,CP003829: 597769 - 599313 (+),forward,hypothetical RNA
CNAG_12922,null,10,CP003829: 599780 - 600629 (+),forward,hypothetical RNA
CNAG_12923,null,10,CP003829: 600378 - 600602 (-),reverse,hypothetical RNA
CNAG_12924,null,10,CP003829: 605003 - 605451 (-),reverse,hypothetical RNA
CNAG_12925,null,10,CP003829: 622277 - 623792 (-),reverse,hypothetical RNA
CNAG_12926,null,10,CP003829: 647245 - 649499 (-),reverse,hypothetical RNA
CNAG_12927,null,10,CP003829: 674905 - 675222 (-),reverse,hypothetical RNA
CNAG_12928,null,10,CP003829: 686775 - 687672 (-),reverse,hypothetical RNA
CNAG_12929,null,10,CP003829: 721741 - 724423 (+),forward,hypothetical RNA
CNAG_12930,null,10,CP003829: 725470 - 726319 (-),reverse,hypothetical RNA
CNAG_12931,null,10,CP003829: 744684 - 747640 (-),reverse,hypothetical RNA
CNAG_12932,null,10,CP003829: 748243 - 753227 (-),reverse,hypothetical RNA
CNAG_12933,null,10,CP003829: 755050 - 755964 (+),forward,hypothetical RNA
CNAG_12934,null,10,CP003829: 814905 - 815276 (-),reverse,hypothetical RNA
CNAG_12935,null,10,CP003829: 815724 - 816669 (+),forward,hypothetical RNA
CNAG_12936,null,10,CP003829: 815725 - 816662 (-),reverse,hypothetical RNA
CNAG_12937,null,10,CP003829: 825081 - 826210 (-),reverse,hypothetical RNA
CNAG_12938,null,10,CP003829: 827524 - 829762 (-),reverse,hypothetical RNA
CNAG_12939,null,10,CP003829: 839021 - 839320 (+),forward,hypothetical RNA
CNAG_12940,null,10,CP003829: 860981 - 865155 (+),forward,hypothetical RNA
CNAG_12941,null,10,CP003829: 868673 - 868952 (+),forward,hypothetical RNA
CNAG_12942,null,10,CP003829: 891939 - 894197 (-),reverse,hypothetical RNA
CNAG_12943,null,10,CP003829: 932040 - 932406 (+),forward,hypothetical RNA
CNAG_12944,null,10,CP003829: 939900 - 942372 (+),forward,hypothetical RNA
CNAG_12945,null,10,CP003829: 971605 - 972619 (+),forward,hypothetical RNA
CNAG_12946,null,10,CP003829: 991419 - 992744 (-),reverse,hypothetical RNA
CNAG_12947,null,10,CP003829: 1048172 - 1048627 (-),reverse,hypothetical RNA
CNAG_12948,null,11,CP003830: 19601 - 20115 (+),forward,hypothetical RNA
CNAG_12949,null,11,CP003830: 19690 - 20437 (-),reverse,hypothetical RNA
CNAG_12950,null,11,CP003830: 23893 - 25852 (+),forward,hypothetical RNA
CNAG_12951,null,11,CP003830: 36997 - 39027 (-),reverse,hypothetical RNA
CNAG_12952,null,11,CP003830: 47247 - 47630 (+),forward,hypothetical RNA
CNAG_12953,null,11,CP003830: 55620 - 56344 (+),forward,hypothetical RNA
CNAG_12954,null,11,CP003830: 55696 - 56953 (-),reverse,hypothetical RNA
CNAG_12955,null,11,CP003830: 76453 - 76936 (-),reverse,hypothetical RNA
CNAG_12956,null,11,CP003830: 94981 - 95998 (-),reverse,hypothetical RNA
CNAG_12957,null,11,CP003830: 103934 - 104446 (+),forward,hypothetical RNA
CNAG_12958,null,11,CP003830: 103983 - 104617 (-),reverse,hypothetical RNA
CNAG_12959,null,11,CP003830: 104686 - 105266 (+),forward,hypothetical RNA
CNAG_12960,null,11,CP003830: 105330 - 106602 (-),reverse,hypothetical RNA
CNAG_12961,null,11,CP003830: 128563 - 129826 (-),reverse,hypothetical RNA
CNAG_12962,null,11,CP003830: 130038 - 130530 (+),forward,hypothetical RNA
CNAG_12963,null,11,CP003830: 148686 - 150424 (+),forward,hypothetical RNA
CNAG_12964,null,11,CP003830: 152563 - 152740 (-),reverse,hypothetical RNA
CNAG_12965,null,11,CP003830: 176433 - 176616 (-),reverse,hypothetical RNA
CNAG_12966,null,11,CP003830: 179160 - 179490 (+),forward,hypothetical RNA
CNAG_12967,null,11,CP003830: 181808 - 183028 (-),reverse,hypothetical RNA
CNAG_12968,null,11,CP003830: 186572 - 189566 (+),forward,hypothetical RNA
CNAG_12969,null,11,CP003830: 218960 - 221067 (+),forward,hypothetical RNA
CNAG_12970,null,11,CP003830: 237558 - 238047 (+),forward,hypothetical RNA
CNAG_12971,null,11,CP003830: 269123 - 269819 (+),forward,hypothetical RNA
CNAG_12972,null,11,CP003830: 315320 - 315742 (-),reverse,hypothetical RNA
CNAG_12973,null,11,CP003830: 319191 - 321182 (-),reverse,hypothetical RNA
CNAG_12974,null,11,CP003830: 362990 - 363619 (-),reverse,hypothetical RNA
CNAG_12975,null,11,CP003830: 395225 - 395583 (+),forward,hypothetical RNA
CNAG_12976,null,11,CP003830: 405051 - 405845 (-),reverse,hypothetical RNA
CNAG_12977,null,11,CP003830: 415517 - 416263 (-),reverse,hypothetical RNA
CNAG_12978,null,11,CP003830: 446019 - 447608 (-),reverse,hypothetical RNA
CNAG_12979,null,11,CP003830: 472437 - 473207 (-),reverse,hypothetical RNA
CNAG_12980,null,11,CP003830: 530872 - 531121 (+),forward,hypothetical RNA
CNAG_12981,null,11,CP003830: 531148 - 531807 (+),forward,hypothetical RNA
CNAG_12982,null,11,CP003830: 553253 - 554648 (+),forward,hypothetical RNA
CNAG_12983,null,11,CP003830: 573769 - 574481 (+),forward,hypothetical RNA
CNAG_12984,null,11,CP003830: 588199 - 589887 (+),forward,hypothetical RNA
CNAG_12985,null,11,CP003830: 590458 - 591354 (-),reverse,hypothetical RNA
CNAG_12986,null,11,CP003830: 595214 - 595743 (-),reverse,hypothetical RNA
CNAG_12987,null,11,CP003830: 596003 - 596240 (+),forward,hypothetical RNA
CNAG_12988,null,11,CP003830: 601428 - 602113 (-),reverse,hypothetical RNA
CNAG_12989,null,11,CP003830: 602151 - 602802 (-),reverse,hypothetical RNA
CNAG_12990,null,11,CP003830: 613501 - 613858 (-),reverse,hypothetical RNA
CNAG_12991,null,11,CP003830: 617397 - 618451 (+),forward,hypothetical RNA
CNAG_12992,null,11,CP003830: 624306 - 625754 (+),forward,hypothetical RNA
CNAG_12993,null,11,CP003830: 635479 - 635650 (+),forward,hypothetical RNA
CNAG_12994,null,11,CP003830: 652567 - 653433 (-),reverse,hypothetical RNA
CNAG_12995,null,11,CP003830: 687302 - 689176 (+),forward,hypothetical RNA
CNAG_12996,null,11,CP003830: 722466 - 723636 (+),forward,hypothetical RNA
CNAG_12997,null,11,CP003830: 740517 - 741092 (-),reverse,hypothetical RNA
CNAG_12998,null,11,CP003830: 740567 - 740973 (+),forward,hypothetical RNA
CNAG_12999,null,11,CP003830: 754128 - 754492 (+),forward,hypothetical RNA
CNAG_13000,null,11,CP003830: 813186 - 814426 (+),forward,hypothetical RNA
CNAG_13001,null,11,CP003830: 835983 - 836858 (-),reverse,hypothetical RNA
CNAG_13002,null,11,CP003830: 858557 - 859444 (+),forward,hypothetical RNA
CNAG_13003,null,11,CP003830: 858630 - 859380 (-),reverse,hypothetical RNA
CNAG_13004,null,11,CP003830: 868610 - 869475 (-),reverse,hypothetical RNA
CNAG_13005,null,11,CP003830: 941936 - 942699 (-),reverse,hypothetical RNA
CNAG_13006,null,11,CP003830: 943426 - 944599 (-),reverse,hypothetical RNA
CNAG_13007,null,11,CP003830: 968908 - 973921 (-),reverse,hypothetical RNA
CNAG_13008,null,11,CP003830: 1009834 - 1010261 (-),reverse,hypothetical RNA
CNAG_13009,null,11,CP003830: 1021154 - 1022301 (+),forward,hypothetical RNA
CNAG_13010,null,11,CP003830: 1048124 - 1048640 (+),forward,hypothetical RNA
CNAG_13011,null,11,CP003830: 1082466 - 1084457 (+),forward,hypothetical RNA
CNAG_13012,null,11,CP003830: 1090510 - 1091028 (+),forward,hypothetical RNA
CNAG_13013,null,11,CP003830: 1124719 - 1125172 (-),reverse,hypothetical RNA
CNAG_13014,null,11,CP003830: 1157105 - 1157858 (-),reverse,hypothetical RNA
CNAG_13015,null,11,CP003830: 1181539 - 1183614 (+),forward,hypothetical RNA
CNAG_13016,null,11,CP003830: 1199236 - 1199824 (+),forward,hypothetical RNA
CNAG_13017,null,11,CP003830: 1207422 - 1209381 (+),forward,hypothetical RNA
CNAG_13018,null,11,CP003830: 1215905 - 1216697 (-),reverse,hypothetical RNA
CNAG_13019,null,11,CP003830: 1216889 - 1221874 (+),forward,hypothetical RNA
CNAG_13020,null,11,CP003830: 1235650 - 1236889 (-),reverse,hypothetical RNA
CNAG_13021,null,11,CP003830: 1238971 - 1242513 (-),reverse,hypothetical RNA
CNAG_13022,null,11,CP003830: 1258769 - 1260610 (-),reverse,hypothetical RNA
CNAG_13023,null,11,CP003830: 1271544 - 1272080 (+),forward,hypothetical RNA
CNAG_13024,null,11,CP003830: 1277569 - 1278552 (+),forward,hypothetical RNA
CNAG_13025,null,11,CP003830: 1298583 - 1299321 (-),reverse,hypothetical RNA
CNAG_13026,null,11,CP003830: 1300920 - 1302447 (+),forward,hypothetical RNA
CNAG_13027,null,11,CP003830: 1302889 - 1303677 (-),reverse,hypothetical RNA
CNAG_13028,null,11,CP003830: 1305642 - 1307532 (-),reverse,hypothetical RNA
CNAG_13029,null,11,CP003830: 1309050 - 1309850 (+),forward,hypothetical RNA
CNAG_13030,null,11,CP003830: 1320178 - 1320522 (-),reverse,hypothetical RNA
CNAG_13031,null,11,CP003830: 1320536 - 1323130 (-),reverse,hypothetical RNA
CNAG_13032,null,11,CP003830: 1326188 - 1326539 (-),reverse,hypothetical RNA
CNAG_13033,null,11,CP003830: 1333131 - 1333989 (+),forward,hypothetical RNA
CNAG_13034,null,11,CP003830: 1350599 - 1351527 (-),reverse,hypothetical RNA
CNAG_13035,null,11,CP003830: 1356291 - 1356997 (+),forward,hypothetical RNA
CNAG_13036,null,11,CP003830: 1358705 - 1360432 (-),reverse,hypothetical RNA
CNAG_13037,null,11,CP003830: 1398319 - 1398842 (-),reverse,hypothetical RNA
CNAG_13038,null,11,CP003830: 1402831 - 1404223 (+),forward,hypothetical RNA
CNAG_13039,null,11,CP003830: 1411192 - 1411648 (+),forward,hypothetical RNA
CNAG_13040,null,11,CP003830: 1438848 - 1440457 (+),forward,hypothetical RNA
CNAG_13041,null,11,CP003830: 1439835 - 1440461 (-),reverse,hypothetical RNA
CNAG_13042,null,11,CP003830: 1455829 - 1456446 (+),forward,hypothetical RNA
CNAG_13043,null,11,CP003830: 1536146 - 1538420 (+),forward,hypothetical RNA
CNAG_13044,null,11,CP003830: 1546237 - 1548423 (-),reverse,hypothetical RNA
CNAG_13045,null,12,CP003831: 10770 - 11734 (-),reverse,hypothetical RNA
CNAG_13046,null,12,CP003831: 68741 - 69960 (-),reverse,hypothetical RNA
CNAG_13047,null,12,CP003831: 83370 - 85194 (+),forward,hypothetical RNA
CNAG_13048,null,12,CP003831: 92180 - 93496 (-),reverse,hypothetical RNA
CNAG_13049,null,12,CP003831: 99998 - 101711 (+),forward,hypothetical RNA
CNAG_13050,null,12,CP003831: 101778 - 102589 (+),forward,hypothetical RNA
CNAG_13051,null,12,CP003831: 102699 - 103014 (+),forward,hypothetical RNA
CNAG_13052,null,12,CP003831: 115485 - 116227 (+),forward,hypothetical RNA
CNAG_13053,null,12,CP003831: 128491 - 128968 (-),reverse,hypothetical RNA
CNAG_13054,null,12,CP003831: 129237 - 129581 (-),reverse,hypothetical RNA
CNAG_13055,null,12,CP003831: 173662 - 176802 (+),forward,hypothetical RNA
CNAG_13056,null,12,CP003831: 182093 - 182578 (-),reverse,hypothetical RNA
CNAG_13057,null,12,CP003831: 183151 - 185299 (+),forward,hypothetical RNA
CNAG_13058,null,12,CP003831: 191021 - 192307 (-),reverse,hypothetical RNA
CNAG_13059,null,12,CP003831: 202462 - 202912 (+),forward,hypothetical RNA
CNAG_13060,null,12,CP003831: 231743 - 232537 (-),reverse,hypothetical RNA
CNAG_13061,null,12,CP003831: 232787 - 233560 (+),forward,hypothetical RNA
CNAG_13062,null,12,CP003831: 256116 - 257437 (-),reverse,hypothetical RNA
CNAG_13063,null,12,CP003831: 258218 - 259749 (-),reverse,hypothetical RNA
CNAG_13064,null,12,CP003831: 265910 - 267990 (-),reverse,hypothetical RNA
CNAG_13065,null,12,CP003831: 278787 - 279548 (-),reverse,hypothetical RNA
CNAG_13066,null,12,CP003831: 284326 - 285146 (-),reverse,hypothetical RNA
CNAG_13067,null,12,CP003831: 310179 - 312051 (+),forward,hypothetical RNA
CNAG_13068,null,12,CP003831: 317076 - 320151 (+),forward,hypothetical RNA
CNAG_13069,null,12,CP003831: 320067 - 320972 (-),reverse,hypothetical RNA
CNAG_13070,null,12,CP003831: 321066 - 321641 (+),forward,hypothetical RNA
CNAG_13071,null,12,CP003831: 321233 - 322545 (-),reverse,hypothetical RNA
CNAG_13072,null,12,CP003831: 322202 - 325795 (+),forward,hypothetical RNA
CNAG_13073,null,12,CP003831: 483904 - 484288 (+),forward,hypothetical RNA
CNAG_13074,null,12,CP003831: 508935 - 511651 (+),forward,hypothetical RNA
CNAG_13075,null,12,CP003831: 538863 - 540642 (+),forward,hypothetical RNA
CNAG_13076,null,12,CP003831: 556608 - 556961 (-),reverse,hypothetical RNA
CNAG_13077,null,12,CP003831: 592719 - 594161 (-),reverse,hypothetical RNA
CNAG_13078,null,12,CP003831: 593851 - 594394 (+),forward,hypothetical RNA
CNAG_13080,null,12,CP003831: 603321 - 603912 (-),reverse,hypothetical RNA
CNAG_13081,null,12,CP003831: 609438 - 610525 (+),forward,hypothetical RNA
CNAG_13082,null,12,CP003831: 618289 - 619985 (-),reverse,hypothetical RNA
CNAG_13083,null,12,CP003831: 625965 - 627568 (-),reverse,hypothetical RNA
CNAG_13084,null,12,CP003831: 647050 - 648458 (-),reverse,hypothetical RNA
CNAG_13085,null,12,CP003831: 662754 - 664509 (+),forward,hypothetical RNA
CNAG_13086,null,12,CP003831: 681046 - 681819 (-),reverse,hypothetical RNA
CNAG_13087,null,12,CP003831: 688585 - 689373 (+),forward,hypothetical RNA
CNAG_13088,null,12,CP003831: 695169 - 695600 (+),forward,hypothetical RNA
CNAG_13089,null,12,CP003831: 695798 - 698387 (-),reverse,hypothetical RNA
CNAG_13090,null,12,CP003831: 698850 - 700131 (-),reverse,hypothetical RNA
CNAG_13091,null,12,CP003831: 716809 - 717857 (+),forward,hypothetical RNA
CNAG_13092,null,12,CP003831: 734782 - 736153 (+),forward,hypothetical RNA
CNAG_13093,null,12,CP003831: 759814 - 761058 (-),reverse,hypothetical RNA
CNAG_13094,null,12,CP003831: 771495 - 772912 (+),forward,hypothetical RNA
CNAG_13095,null,13,CP003832: 10805 - 11655 (-),reverse,hypothetical RNA
CNAG_13096,null,13,CP003832: 15020 - 15643 (-),reverse,hypothetical RNA
CNAG_13097,null,13,CP003832: 23557 - 24147 (-),reverse,hypothetical RNA
CNAG_13098,null,13,CP003832: 28514 - 28875 (+),forward,hypothetical RNA
CNAG_13099,null,13,CP003832: 36799 - 37838 (+),forward,hypothetical RNA
CNAG_13100,null,13,CP003832: 37785 - 38780 (-),reverse,hypothetical RNA
CNAG_13101,null,13,CP003832: 56247 - 56596 (-),reverse,hypothetical RNA
CNAG_13102,null,13,CP003832: 56782 - 57019 (+),forward,hypothetical RNA
CNAG_13103,null,13,CP003832: 62436 - 62947 (-),reverse,hypothetical RNA
CNAG_13104,null,13,CP003832: 63688 - 64109 (-),reverse,hypothetical RNA
CNAG_13105,null,13,CP003832: 75792 - 76099 (-),reverse,hypothetical RNA
CNAG_13106,null,13,CP003832: 103692 - 105177 (-),reverse,hypothetical RNA
CNAG_13107,null,13,CP003832: 111216 - 112466 (+),forward,hypothetical RNA
CNAG_13108,null,13,CP003832: 128964 - 129469 (+),forward,hypothetical RNA
CNAG_13109,null,13,CP003832: 137314 - 138153 (+),forward,hypothetical RNA
CNAG_13110,null,13,CP003832: 139500 - 145048 (+),forward,hypothetical RNA
CNAG_13111,null,13,CP003832: 161357 - 163942 (-),reverse,hypothetical RNA
CNAG_13112,null,13,CP003832: 164199 - 165358 (+),forward,hypothetical RNA
CNAG_13113,null,13,CP003832: 186886 - 187817 (-),reverse,hypothetical RNA
CNAG_13114,null,13,CP003832: 187873 - 188239 (-),reverse,hypothetical RNA
CNAG_13115,null,13,CP003832: 200040 - 200231 (-),reverse,hypothetical RNA
CNAG_13116,null,13,CP003832: 229550 - 230257 (+),forward,hypothetical RNA
CNAG_13117,null,13,CP003832: 230323 - 232814 (+),forward,hypothetical RNA
CNAG_13118,null,13,CP003832: 233002 - 234466 (+),forward,hypothetical RNA
CNAG_13119,null,13,CP003832: 240699 - 241227 (+),forward,hypothetical RNA
CNAG_13120,null,13,CP003832: 257578 - 258186 (+),forward,hypothetical RNA
CNAG_13121,null,13,CP003832: 259062 - 259916 (+),forward,hypothetical RNA
CNAG_13122,null,13,CP003832: 344188 - 344856 (+),forward,hypothetical RNA
CNAG_13123,null,13,CP003832: 361684 - 362014 (+),forward,hypothetical RNA
CNAG_13124,null,13,CP003832: 362214 - 364619 (-),reverse,hypothetical RNA
CNAG_13125,null,13,CP003832: 372437 - 373880 (-),reverse,hypothetical RNA
CNAG_13126,null,13,CP003832: 391944 - 392372 (+),forward,hypothetical RNA
CNAG_13127,null,13,CP003832: 394021 - 394871 (+),forward,hypothetical RNA
CNAG_13128,null,13,CP003832: 399569 - 399982 (+),forward,hypothetical RNA
CNAG_13129,null,13,CP003832: 472999 - 473624 (+),forward,hypothetical RNA
CNAG_13130,null,13,CP003832: 473682 - 474233 (-),reverse,hypothetical RNA
CNAG_13131,null,13,CP003832: 482419 - 484413 (-),reverse,hypothetical RNA
CNAG_13132,null,13,CP003832: 580047 - 580881 (+),forward,hypothetical RNA
CNAG_13133,null,13,CP003832: 581072 - 581910 (+),forward,hypothetical RNA
CNAG_13134,null,13,CP003832: 628588 - 629885 (+),forward,hypothetical RNA
CNAG_13135,null,13,CP003832: 661674 - 662564 (+),forward,hypothetical RNA
CNAG_13136,null,13,CP003832: 662116 - 663032 (-),reverse,hypothetical RNA
CNAG_13137,null,13,CP003832: 663494 - 663887 (-),reverse,hypothetical RNA
CNAG_13138,null,13,CP003832: 683383 - 684316 (+),forward,hypothetical RNA
CNAG_13139,null,13,CP003832: 693340 - 693703 (-),reverse,hypothetical RNA
CNAG_13140,null,13,CP003832: 693734 - 694616 (-),reverse,hypothetical RNA
CNAG_13141,null,13,CP003832: 724123 - 725285 (-),reverse,hypothetical RNA
CNAG_13142,null,13,CP003832: 742979 - 743464 (+),forward,hypothetical RNA
CNAG_13143,null,14,CP003833: 27854 - 28097 (-),reverse,hypothetical RNA
CNAG_13144,null,14,CP003833: 28544 - 31176 (-),reverse,hypothetical RNA
CNAG_13145,null,14,CP003833: 39338 - 42125 (+),forward,hypothetical RNA
CNAG_13146,null,14,CP003833: 61293 - 61847 (+),forward,hypothetical RNA
CNAG_13147,null,14,CP003833: 82097 - 83918 (+),forward,hypothetical RNA
CNAG_13148,null,14,CP003833: 83825 - 84173 (-),reverse,hypothetical RNA
CNAG_13149,null,14,CP003833: 92222 - 93533 (-),reverse,hypothetical RNA
CNAG_13150,null,14,CP003833: 104369 - 104722 (+),forward,hypothetical RNA
CNAG_13151,null,14,CP003833: 112737 - 115723 (-),reverse,hypothetical RNA
CNAG_13152,null,14,CP003833: 121733 - 121974 (-),reverse,hypothetical RNA
CNAG_13153,null,14,CP003833: 124736 - 125906 (-),reverse,hypothetical RNA
CNAG_13154,null,14,CP003833: 154197 - 154923 (-),reverse,hypothetical RNA
CNAG_13155,null,14,CP003833: 156120 - 158360 (-),reverse,hypothetical RNA
CNAG_13156,null,14,CP003833: 158474 - 159182 (+),forward,hypothetical RNA
CNAG_13157,null,14,CP003833: 167529 - 169034 (+),forward,hypothetical RNA
CNAG_13158,null,14,CP003833: 174318 - 174706 (+),forward,hypothetical RNA
CNAG_13159,null,14,CP003833: 184237 - 185796 (+),forward,hypothetical RNA
CNAG_13160,null,14,CP003833: 187555 - 188196 (+),forward,hypothetical RNA
CNAG_13161,null,14,CP003833: 208421 - 209479 (+),forward,hypothetical RNA
CNAG_13162,null,14,CP003833: 216265 - 216977 (+),forward,hypothetical RNA
CNAG_13163,null,14,CP003833: 217022 - 217644 (+),forward,hypothetical RNA
CNAG_13164,null,14,CP003833: 233698 - 234948 (+),forward,hypothetical RNA
CNAG_13165,null,14,CP003833: 250082 - 250922 (+),forward,hypothetical RNA
CNAG_13166,null,14,CP003833: 253113 - 256350 (+),forward,hypothetical RNA
CNAG_13167,null,14,CP003833: 261195 - 263666 (+),forward,hypothetical RNA
CNAG_13168,null,14,CP003833: 265488 - 266834 (+),forward,hypothetical RNA
CNAG_13169,null,14,CP003833: 268794 - 269352 (+),forward,hypothetical RNA
CNAG_13170,null,14,CP003833: 282045 - 282669 (-),reverse,hypothetical RNA
CNAG_13171,null,14,CP003833: 282240 - 282839 (+),forward,hypothetical RNA
CNAG_13172,null,14,CP003833: 284689 - 285451 (-),reverse,hypothetical RNA
CNAG_13173,null,14,CP003833: 284918 - 285470 (+),forward,hypothetical RNA
CNAG_13174,null,14,CP003833: 301875 - 303006 (-),reverse,hypothetical RNA
CNAG_13175,null,14,CP003833: 314285 - 315068 (+),forward,hypothetical RNA
CNAG_13176,null,14,CP003833: 314700 - 314973 (-),reverse,hypothetical RNA
CNAG_13177,null,14,CP003833: 315163 - 315742 (+),forward,hypothetical RNA
CNAG_13178,null,14,CP003833: 325199 - 325873 (-),reverse,hypothetical RNA
CNAG_13179,null,14,CP003833: 381812 - 383506 (+),forward,hypothetical RNA
CNAG_13180,null,14,CP003833: 402113 - 403470 (+),forward,hypothetical RNA
CNAG_13181,null,14,CP003833: 408867 - 409504 (+),forward,hypothetical RNA
CNAG_13182,null,14,CP003833: 419052 - 419468 (-),reverse,hypothetical RNA
CNAG_13183,null,14,CP003833: 428718 - 429401 (+),forward,hypothetical RNA
CNAG_13184,null,14,CP003833: 428875 - 430425 (-),reverse,hypothetical RNA
CNAG_13185,null,14,CP003833: 435969 - 437561 (+),forward,hypothetical RNA
CNAG_13186,null,14,CP003833: 459335 - 461210 (-),reverse,hypothetical RNA
CNAG_13187,null,14,CP003833: 474083 - 474493 (+),forward,hypothetical RNA
CNAG_13188,null,14,CP003833: 526895 - 529094 (+),forward,hypothetical RNA
CNAG_13189,null,14,CP003833: 529218 - 532745 (+),forward,hypothetical RNA
CNAG_13190,null,14,CP003833: 533292 - 534047 (+),forward,hypothetical RNA
CNAG_13191,null,14,CP003833: 587989 - 588688 (+),forward,hypothetical RNA
CNAG_13192,null,14,CP003833: 599385 - 601489 (-),reverse,hypothetical RNA
CNAG_13193,null,14,CP003833: 626347 - 626764 (+),forward,hypothetical RNA
CNAG_13194,null,14,CP003833: 640431 - 642840 (-),reverse,hypothetical RNA
CNAG_13195,null,14,CP003833: 681636 - 682452 (+),forward,hypothetical RNA
CNAG_13196,null,14,CP003833: 810956 - 811430 (+),forward,hypothetical RNA
CNAG_13197,null,14,CP003833: 814977 - 816812 (+),forward,hypothetical RNA
CNAG_13198,null,14,CP003833: 821844 - 823599 (-),reverse,hypothetical RNA
CNAG_13199,null,14,CP003833: 827962 - 828478 (+),forward,hypothetical RNA
CNAG_13200,null,14,CP003833: 838585 - 839527 (+),forward,hypothetical RNA
CNAG_13201,null,14,CP003833: 884352 - 885290 (-),reverse,hypothetical RNA
CNAG_13202,null,14,CP003833: 885405 - 885826 (-),reverse,hypothetical RNA
CNAG_13203,null,14,CP003833: 885913 - 888144 (+),forward,hypothetical RNA
CNAG_13204,null,14,CP003833: 902199 - 903061 (-),reverse,hypothetical RNA
CNAG_13205,null,14,CP003833: 906665 - 907597 (+),forward,hypothetical RNA
CNAG_13206,null,14,CP003833: 912138 - 913566 (-),reverse,hypothetical RNA
CNAG_13207,null,14,CP003833: 913829 - 914867 (-),reverse,hypothetical RNA
CNAG_10023,null,2,CP003821: 911318 - 911427 (-),reverse,tRNA-OTHER