"CHROM","POS","REF","ALT","QUAL","HOM.REF","HOM.VAR","gene","effect","impact","class","aaChange","UgCl001t","UgCl008r","UgCl018t","UgCl021t","UgCl029t","UgCl030t","UgCl032r","UgCl037t","UgCl040t","UgCl045t","UgCl047r","UgCl057t","UgCl065r","UgCl087r","UgCl093r","UgCl107t","UgCl21","UgCl236","UgCl243","UgCl247","UgCl250","UgCl252","UgCl255","UgCl262","UgCl291","UgCl292","UgCl300","UgCl326","UgCl332","UgCl357","UgCl360","UgCl362","UgCl377","UgCl379","UgCl382","UgCl389","UgCl390","UgCl393","UgCl395","UgCl422","UgCl438","UgCl443","UgCl447","UgCl450","UgCl461","UgCl462","UgCl466","UgCl468","UgCl495","UgCl534","UgCl535","UgCl538","UgCl541","UgCl546","UgCl547","UgCl549","CP","numDat","clade","alias","description"
"1",122742,"C","T",28349.52,33,22,"CNAG_00039","SYNONYMOUS_CODING","LOW","SILENT","N635","T","T","C","C","C","C","C",NA,"C","C","C","C","C","C","C","C","C","T","T","T","C","T","C","C","T","C","C","C","C","T","C","C","T","C","C","C","T","C","C","T","T","C","T","T","C","T","T","T","C","T","C","C","T","T","T","T","1.122742","55","A","null","hypothetical protein"
"1",229121,"C","T",33910.35,34,22,"CNAG_00081","SYNONYMOUS_CODING","LOW","SILENT","E515","T","T","C","C","C","C","C","C","C","C","C","C","C","C","C","C","C","T","T","T","C","T","C","C","T","C","C","C","C","T","C","C","T","C","C","C","T","C","C","T","T","C","T","T","C","T","T","T","C","T","C","C","T","T","T","T","1.229121","56","A","null","pre-mRNA-processing factor 6"
"1",631315,"G","A",25346.35,34,22,"CNAG_00240","SYNONYMOUS_CODING","LOW","SILENT","Q157","A","A","G","G","G","G","G","G","G","G","G","G","G","G","G","G","G","A","A","A","G","A","G","G","A","G","G","G","G","A","G","G","A","G","G","G","A","G","G","A","A","G","A","A","G","A","A","A","G","A","G","G","A","A","A","A","1.631315","56","A","null","hypothetical protein"
"1",944973,"G","C",31799.35,34,22,"CNAG_00372","NON_SYNONYMOUS_CODING","MODERATE","MISSENSE","A672G","C","C","G","G","G","G","G","G","G","G","G","G","G","G","G","G","G","C","C","C","G","C","G","G","C","G","G","G","G","C","G","G","C","G","G","G","C","G","G","C","C","G","C","C","G","C","C","C","G","C","G","G","C","C","C","C","1.944973","56","A","null","chromatin structure-remodeling complex protein RSC7"
"1",1110277,"A","G",24625.39,38,18,"CNAG_00424","SYNONYMOUS_CODING","LOW","SILENT","G223","A","A","A","A","A","A","A","A","A","A","A","A","A","G","A","G","G","A","A","A","G","A","G","G","A","G","G","G","G","A","G","A","A","G","G","G","A","A","G","A","A","A","A","A","G","A","A","A","A","A","G","G","A","A","A","A","1.1110277","56","B","null","choline-phosphate cytidylyltransferase"
"1",1471243,"T","C",29851.65,33,23,"CNAG_00568","UPSTREAM","MODIFIER","NONE",NA,"C","C","T","T","T","T","T","T","T","T","T","T","T","T","T","T","T","C","C","C","T","C","T","T","C","T","T","T","T","C","T","T","C","T","T","T","C","T","T","C","C","T","C","C","T","C","C","C","C","C","T","T","C","C","C","C","1.1471243","56","A","null","hypothetical protein"
"1",1583615,"C","T",26560.35,34,22,"CNAG_00619","NON_SYNONYMOUS_CODING","MODERATE","MISSENSE","A223T","T","T","C","C","C","C","C","C","C","C","C","C","C","C","C","C","C","T","T","T","C","T","C","C","T","C","C","C","C","T","C","C","T","C","C","C","T","C","C","T","T","C","T","T","C","T","T","T","C","T","C","C","T","T","T","T","1.1583615","56","A","null","tubulin folding cofactor C"
"1",1943622,"G","A",27048.35,34,22,"CNAG_00740","UPSTREAM","MODIFIER","NONE",NA,"A","A","G","G","G","G","G","G","G","G","G","G","G","G","G","G","G","A","A","A","G","A","G","G","A","G","G","G","G","A","G","G","A","G","G","G","A","G","G","A","A","G","A","A","G","A","A","A","G","A","G","G","A","A","A","A","1.1943622","56","A","SNF5","swi/snf chromatin-remodeling complex subunit (SNF5)"
"1",2205937,"G","C",26446.35,34,22,"CNAG_00831","UTR_5_PRIME","MODIFIER","NONE",NA,"C","C","G","G","G","G","G","G","G","G","G","G","G","G","G","G","G","C","C","C","G","C","G","G","C","G","G","G","G","C","G","G","C","G","G","G","C","G","G","C","C","G","C","C","G","C","C","C","G","C","G","G","C","C","C","C","1.2205937","56","A","null","nucleoside-diphosphate-sugar epimerase"
"5",1781499,"C","A",31359.65,33,23,"CNAG_00869","UPSTREAM","MODIFIER","NONE",NA,"A","A","C","C","C","C","C","C","C","C","C","C","C","C","C","C","C","A","A","A","C","A","C","C","A","C","C","C","C","A","C","C","A","C","C","C","A","C","C","A","A","C","A","A","C","A","A","A","A","A","C","C","A","A","A","A","5.1781499","56","A","PDR5","ATP-binding cassette transporter (PDR5)"
"5",1037902,"G","GGCGT",32594.35,34,22,"CNAG_01164","UPSTREAM","MODIFIER","NONE",NA,"GGCGT","GGCGT","G","G","G","G","G","G","G","G","G","G","G","G","G","G","G","GGCGT","GGCGT","GGCGT","G","GGCGT","G","G","GGCGT","G","G","G","G","GGCGT","G","G","GGCGT","G","G","G","GGCGT","G","G","GGCGT","GGCGT","G","GGCGT","GGCGT","G","GGCGT","GGCGT","GGCGT","G","GGCGT","G","G","GGCGT","GGCGT","GGCGT","GGCGT","5.1037902","56","A","null","glutamine-fructose-6-phosphate transaminase (isomerizing)"
"11",152800,"C","T",27795.35,34,22,"CNAG_01510","UPSTREAM","MODIFIER","NONE",NA,"T","T","C","C","C","C","C","C","C","C","C","C","C","C","C","C","C","T","T","T","C","T","C","C","T","C","C","C","C","T","C","C","T","C","C","C","T","C","C","T","T","C","T","T","C","T","T","T","C","T","C","C","T","T","T","T","11.152800","56","A","null","hypothetical protein"
"11",153063,"A","G",25947.35,34,22,"CNAG_01512","START_GAINED","LOW","NONE",NA,"G","G","A","A","A","A","A","A","A","A","A","A","A","A","A","A","A","G","G","G","A","G","A","A","G","A","A","A","A","G","A","A","G","A","A","A","G","A","A","G","G","A","G","G","A","G","G","G","A","G","A","A","G","G","G","G","11.153063","56","A","null","hypothetical protein"
"11",236388,"G","A",31742.39,38,18,"CNAG_01539","NON_SYNONYMOUS_CODING","MODERATE","MISSENSE","R141C","G","G","G","G","G","G","G","G","G","G","G","G","G","A","G","A","A","G","G","G","A","G","A","A","G","A","A","A","A","G","A","G","G","A","A","A","G","G","A","G","G","G","G","G","A","G","G","G","G","G","A","A","G","G","G","G","11.236388","56","B","null","myo-inositol-1-phosphate synthase"
"11",433361,"G","A",29447.35,34,22,"CNAG_01616","NON_SYNONYMOUS_CODING","MODERATE","MISSENSE","T835I","A","A","G","G","G","G","G","G","G","G","G","G","G","G","G","G","G","A","A","A","G","A","G","G","A","G","G","G","G","A","G","G","A","G","G","G","A","G","G","A","A","G","A","A","G","A","A","A","G","A","G","G","A","A","A","A","11.433361","56","A","null","hypothetical protein"
"11",513785,"C","T",32171.35,34,22,"CNAG_01647","SYNONYMOUS_CODING","LOW","SILENT","S227","T","T","C","C","C","C","C","C","C","C","C","C","C","C","C","C","C","T","T","T","C","T","C","C","T","C","C","C","C","T","C","C","T","C","C","C","T","C","C","T","T","C","T","T","C","T","T","T","C","T","C","C","T","T","T","T","11.513785","56","A","null","translocation protein SEC66"
"11",548586,"T","C",29822.39,38,18,"CNAG_01659","UPSTREAM","MODIFIER","NONE",NA,"T","T","T","T","T","T","T","T","T","T","T","T","T","C","T","C","C","T","T","T","C","T","C","C","T","C","C","C","C","T","C","T","T","C","C","C","T","T","C","T","T","T","T","T","C","T","T","T","T","T","C","C","T","T","T","T","11.548586","56","B","null","hypothetical protein"
"11",621705,"A","C",31627.65,33,23,"CNAG_01690","NON_SYNONYMOUS_CODING","MODERATE","MISSENSE","N518T","C","C","A","A","A","A","A","A","A","A","A","A","A","A","A","A","A","C","C","C","A","C","A","A","C","A","A","A","A","C","A","A","C","A","A","A","C","A","A","C","C","A","C","C","A","C","C","C","C","C","A","A","C","C","C","C","11.621705","56","A","null","MFS transporter"
"11",674162,"C","A",30099.35,34,22,"CNAG_01708","NON_SYNONYMOUS_CODING","MODERATE","MISSENSE","L636I","A","A","C","C","C","C","C","C","C","C","C","C","C","C","C","C","C","A","A","A","C","A","C","C","A","C","C","C","C","A","C","C","A","C","C","C","A","C","C","A","A","C","A","A","C","A","A","A","C","A","C","C","A","A","A","A","11.674162","56","A","null","hypothetical protein"
"11",1314578,"G","C",28316.52,33,22,"CNAG_01937","UTR_5_PRIME","MODIFIER","NONE",NA,"C","C","G","G",NA,"G","G","G","G","G","G","G","G","G","G","G","G","C","C","C","G","C","G","G","C","G","G","G","G","C","G","G","C","G","G","G","C","G","G","C","C","G","C","C","G","C","C","C","G","C","G","G","C","C","C","C","11.1314578","55","A","null","hypothetical protein"
"6",1279254,"T","C",31161.39,38,18,"CNAG_02070","UTR_5_PRIME","MODIFIER","NONE",NA,"T","T","T","T","T","T","T","T","T","T","T","T","T","C","T","C","C","T","T","T","C","T","C","C","T","C","C","C","C","T","C","T","T","C","C","C","T","T","C","T","T","T","T","T","C","T","T","T","T","T","C","C","T","T","T","T","6.1279254","56","B","null","hypothetical protein"
"6",1219431,"C","T",26325.39,38,18,"CNAG_02092","SYNONYMOUS_CODING","LOW","SILENT","S660","C","C","C","C","C","C","C","C","C","C","C","C","C","T","C","T","T","C","C","C","T","C","T","T","C","T","T","T","T","C","T","C","C","T","T","T","C","C","T","C","C","C","C","C","T","C","C","C","C","C","T","T","C","C","C","C","6.1219431","56","B","null","protein EFR3"
"6",1167676,"C","G",30430.35,34,22,"CNAG_02108","NON_SYNONYMOUS_CODING","MODERATE","MISSENSE","A19G","G","G","C","C","C","C","C","C","C","C","C","C","C","C","C","C","C","G","G","G","C","G","C","C","G","C","C","C","C","G","C","C","G","C","C","C","G","C","C","G","G","C","G","G","C","G","G","G","C","G","C","C","G","G","G","G","6.1167676","56","A","null","GTPase activating protein"
"6",1116760,"A","G",29767.39,38,18,"CNAG_02130","UTR_3_PRIME","MODIFIER","NONE",NA,"A","A","A","A","A","A","A","A","A","A","A","A","A","G","A","G","G","A","A","A","G","A","G","G","A","G","G","G","G","A","G","A","A","G","G","G","A","A","G","A","A","A","A","A","G","A","A","A","A","A","G","G","A","A","A","A","6.1116760","56","B","NSR1","putative mRNA binding protein (NSR1)"
"6",659075,"C","T",30582.39,38,18,"CNAG_02304","UPSTREAM","MODIFIER","NONE",NA,"C","C","C","C","C","C","C","C","C","C","C","C","C","T","C","T","T","C","C","C","T","C","T","T","C","T","T","T","T","C","T","C","C","T","T","T","C","C","T","C","C","C","C","C","T","C","C","C","C","C","T","T","C","C","C","C","6.659075","56","B","null","mitochondrial distribution and morphology protein 34"
"6",602467,"C","G",31831.35,34,22,"CNAG_02327","NON_SYNONYMOUS_CODING","MODERATE","MISSENSE","A113P","G","G","C","C","C","C","C","C","C","C","C","C","C","C","C","C","C","G","G","G","C","G","C","C","G","C","C","C","C","G","C","C","G","C","C","C","G","C","C","G","G","C","G","G","C","G","G","G","C","G","C","C","G","G","G","G","6.602467","56","A","null","xaa-Pro dipeptidase"
"6",499210,"C","G",32924.39,38,18,"CNAG_02371","UPSTREAM","MODIFIER","NONE",NA,"C","C","C","C","C","C","C","C","C","C","C","C","C","G","C","G","G","C","C","C","G","C","G","G","C","G","G","G","G","C","G","C","C","G","G","G","C","C","G","C","C","C","C","C","G","C","C","C","C","C","G","G","C","C","C","C","6.499210","56","B","null","coiled-coil domain-containing protein 130"
"6",484890,"C","T",28341.39,38,18,"CNAG_02375","UTR_5_PRIME","MODIFIER","NONE",NA,"C","C","C","C","C","C","C","C","C","C","C","C","C","T","C","T","T","C","C","C","T","C","T","T","C","T","T","T","T","C","T","C","C","T","T","T","C","C","T","C","C","C","C","C","T","C","C","C","C","C","T","T","C","C","C","C","6.484890","56","B","null","polyphosphoinositide phosphatase"
"6",360719,"C","T",30976.35,34,22,"CNAG_02425","SYNONYMOUS_CODING","LOW","SILENT","F193","T","T","C","C","C","C","C","C","C","C","C","C","C","C","C","C","C","T","T","T","C","T","C","C","T","C","C","C","C","T","C","C","T","C","C","C","T","C","C","T","T","C","T","T","C","T","T","T","C","T","C","C","T","T","T","T","6.360719","56","A","null","hypothetical protein"
"6",239210,"G","A",41877.65,33,23,"CNAG_02468","NON_SYNONYMOUS_CODING","MODERATE","MISSENSE","S545F","A","A","G","G","G","G","G","G","G","G","G","G","G","G","G","G","G","A","A","A","G","A","G","G","A","G","G","G","G","A","G","G","A","G","G","G","A","G","G","A","A","G","A","A","G","A","A","A","A","A","G","G","A","A","A","A","6.239210","56","A","null","AP-3 complex subunit delta-1"
"3",1331183,"T","C",39779.35,34,22,"CNAG_02574","SYNONYMOUS_CODING","LOW","SILENT","T722","C","C","T","T","T","T","T","T","T","T","T","T","T","T","T","T","T","C","C","C","T","C","T","T","C","T","T","T","T","C","T","T","C","T","T","T","C","T","T","C","C","T","C","C","T","C","C","C","T","C","T","T","C","C","C","C","3.1331183","56","A","null","cofactor D"
"3",1318833,"T","C",27403.35,34,22,"CNAG_02579","UTR_5_PRIME","MODIFIER","NONE",NA,"C","C","T","T","T","T","T","T","T","T","T","T","T","T","T","T","T","C","C","C","T","C","T","T","C","T","T","T","T","C","T","T","C","T","T","T","C","T","T","C","C","T","C","C","T","C","C","C","T","C","T","T","C","C","C","C","3.1318833","56","A","null","hypothetical protein"
"3",401715,"C","T",29436.39,38,18,"CNAG_02936","NON_SYNONYMOUS_CODING","MODERATE","MISSENSE","S437L","C","C","C","C","C","C","C","C","C","C","C","C","C","T","C","T","T","C","C","C","T","C","T","T","C","T","T","T","T","C","T","C","C","T","T","T","C","C","T","C","C","C","C","C","T","C","C","C","C","C","T","T","C","C","C","C","3.401715","56","B","null","CCR4-NOT transcription complex subunit 1"
"3",354680,"C","T",27700.35,34,22,"CNAG_02953","UTR_5_PRIME","MODIFIER","NONE",NA,"T","T","C","C","C","C","C","C","C","C","C","C","C","C","C","C","C","T","T","T","C","T","C","C","T","C","C","C","C","T","C","C","T","C","C","C","T","C","C","T","T","C","T","T","C","T","T","T","C","T","C","C","T","T","T","T","3.354680","56","A","null","tuberin"
"3",205638,"T","C",29189.39,38,18,"CNAG_03014","SYNONYMOUS_CODING","LOW","SILENT","A191","T","T","T","T","T","T","T","T","T","T","T","T","T","C","T","C","C","T","T","T","C","T","C","C","T","C","C","C","C","T","C","T","T","C","C","C","T","T","C","T","T","T","T","T","C","T","T","T","T","T","C","C","T","T","T","T","3.205638","56","B","null","dolichyldiphosphatase"
"3",61845,"G","T",28682.35,34,22,"CNAG_03072","UPSTREAM","MODIFIER","NONE",NA,"T","T","G","G","G","G","G","G","G","G","G","G","G","G","G","G","G","T","T","T","G","T","G","G","T","G","G","G","G","T","G","G","T","G","G","G","T","G","G","T","T","G","T","T","G","T","T","T","G","T","G","G","T","T","T","T","3.61845","56","A","null","enolase"
"8",174475,"T","G",30627.39,38,18,"CNAG_03140","UPSTREAM","MODIFIER","NONE",NA,"T","T","T","T","T","T","T","T","T","T","T","T","T","G","T","G","G","T","T","T","G","T","G","G","T","G","G","G","G","T","G","T","T","G","G","G","T","T","G","T","T","T","T","T","G","T","T","T","T","T","G","G","T","T","T","T","8.174475","56","B","null","sugar transporter"
"8",269770,"C","T",25036.39,38,18,"CNAG_03179","SYNONYMOUS_CODING","LOW","SILENT","A123","C","C","C","C","C","C","C","C","C","C","C","C","C","T","C","T","T","C","C","C","T","C","T","T","C","T","T","T","T","C","T","C","C","T","T","T","C","C","T","C","C","C","C","C","T","C","C","C","C","C","T","T","C","C","C","C","8.269770","56","B","null","hypothetical protein"
"8",294928,"T","A",30190.35,34,22,"CNAG_03189","NON_SYNONYMOUS_CODING","MODERATE","MISSENSE","R793S","A","A","T","T","T","T","T","T","T","T","T","T","T","T","T","T","T","A","A","A","T","A","T","T","A","T","T","T","T","A","T","T","A","T","T","T","A","T","T","A","A","T","A","A","T","A","A","A","T","A","T","T","A","A","A","A","8.294928","56","A","null","DIL and ankyrin domain-containing protein"
"8",716024,"T","C",26468.65,33,23,"CNAG_03348","SYNONYMOUS_CODING","LOW","SILENT","R298","C","C","T","T","T","T","T","T","T","T","T","T","T","T","T","T","T","C","C","C","T","C","T","T","C","T","T","T","T","C","T","T","C","T","T","T","C","T","T","C","C","T","C","C","T","C","C","C","C","C","T","T","C","C","C","C","8.716024","56","A","null","hypothetical protein"
"8",725537,"C","A",29405.39,38,18,"CNAG_03352","UTR_3_PRIME","MODIFIER","NONE",NA,"C","C","C","C","C","C","C","C","C","C","C","C","C","A","C","A","A","C","C","C","A","C","A","A","C","A","A","A","A","C","A","C","C","A","A","A","C","C","A","C","C","C","C","C","A","C","C","C","C","C","A","A","C","C","C","C","8.725537","56","B","null","hypothetical protein"
"8",1083181,"T","C",28507.35,34,22,"CNAG_03484","NON_SYNONYMOUS_CODING","MODERATE","MISSENSE","S555P","C","C","T","T","T","T","T","T","T","T","T","T","T","T","T","T","T","C","C","C","T","C","T","T","C","T","T","T","T","C","T","T","C","T","T","T","C","T","T","C","C","T","C","C","T","C","C","C","T","C","T","T","C","C","C","C","8.1083181","56","A","null","kinetochore protein Mis13/DSN1"
"8",1235267,"G","A",27513.35,34,22,"CNAG_03542","SYNONYMOUS_CODING","LOW","SILENT","A102","A","A","G","G","G","G","G","G","G","G","G","G","G","G","G","G","G","A","A","A","G","A","G","G","A","G","G","G","G","A","G","G","A","G","G","G","A","G","G","A","A","G","A","A","G","A","A","A","G","A","G","G","A","A","A","A","8.1235267","56","A","null","arginase"
"8",1256218,"AC","A",38698.35,34,22,"CNAG_03551","FRAME_SHIFT","HIGH","NONE","V58","A","A","AC","AC","AC","AC","AC","AC","AC","AC","AC","AC","AC","AC","AC","AC","AC","A","A","A","AC","A","AC","AC","A","AC","AC","AC","AC","A","AC","AC","A","AC","AC","AC","A","AC","AC","A","A","AC","A","A","AC","A","A","A","AC","A","AC","AC","A","A","A","A","8.1256218","56","A","null","hypothetical protein"
"2",508674,"G","A",31980.35,34,22,"CNAG_03674","UPSTREAM","MODIFIER","NONE",NA,"A","A","G","G","G","G","G","G","G","G","G","G","G","G","G","G","G","A","A","A","G","A","G","G","A","G","G","G","G","A","G","G","A","G","G","G","A","G","G","A","A","G","A","A","G","A","A","A","G","A","G","G","A","A","A","A","2.508674","56","A","null","oxoglutarate dehydrogenase (succinyl-transferring), E1 component"
"2",595266,"G","A",26448.39,38,18,"CNAG_03710","UTR_5_PRIME","MODIFIER","NONE",NA,"G","G","G","G","G","G","G","G","G","G","G","G","G","A","G","A","A","G","G","G","A","G","A","A","G","A","A","A","A","G","A","G","G","A","A","A","G","G","A","G","G","G","G","G","A","G","G","G","G","G","A","A","G","G","G","G","2.595266","56","B","null","hypothetical protein"
"2",774357,"A","C",29896.35,34,22,"CNAG_03772","NON_SYNONYMOUS_CODING","MODERATE","MISSENSE","C126G","C","C","A","A","A","A","A","A","A","A","A","A","A","A","A","A","A","C","C","C","A","C","A","A","C","A","A","A","A","C","A","A","C","A","A","A","C","A","A","C","C","A","C","C","A","C","C","C","A","C","A","A","C","C","C","C","2.774357","56","A","HXS1","high-affinity glucose transporter (HXS1)"
"2",820645,"A","T",30274.39,38,18,"CNAG_03788","UTR_3_PRIME","MODIFIER","NONE",NA,"A","A","A","A","A","A","A","A","A","A","A","A","A","T","A","T","T","A","A","A","T","A","T","T","A","T","T","T","T","A","T","A","A","T","T","T","A","A","T","A","A","A","A","A","T","A","A","A","A","A","T","T","A","A","A","A","2.820645","56","B","null","hypothetical protein"
"2",1162362,"C","G",26698.39,38,18,"CNAG_03910","UPSTREAM","MODIFIER","NONE",NA,"C","C","C","C","C","C","C","C","C","C","C","C","C","G","C","G","G","C","C","C","G","C","G","G","C","G","G","G","G","C","G","C","C","G","G","G","C","C","G","C","C","C","C","C","G","C","C","C","C","C","G","G","C","C","C","C","2.1162362","56","B","ITR6","myo-inositol transporter (ITR6)"
"2",1406556,"G","A",31330.35,34,22,"CNAG_04016","UTR_5_PRIME","MODIFIER","NONE",NA,"A","A","G","G","G","G","G","G","G","G","G","G","G","G","G","G","G","A","A","A","G","A","G","G","A","G","G","G","G","A","G","G","A","G","G","G","A","G","G","A","A","G","A","A","G","A","A","A","G","A","G","G","A","A","A","A","2.1406556","56","A","null","hypothetical protein"
"2",1442921,"G","A",41712.39,38,18,"CNAG_04029","SYNONYMOUS_CODING","LOW","SILENT","I249","G","G","G","G","G","G","G","G","G","G","G","G","G","A","G","A","A","G","G","G","A","G","A","A","G","A","A","A","A","G","A","G","G","A","A","A","G","G","A","G","G","G","G","G","A","G","G","G","G","G","A","A","G","G","G","G","2.1442921","56","B","null","cytochrome P450"
"9",202666,"G","A",29969.35,34,22,"CNAG_04176","SYNONYMOUS_CODING","LOW","SILENT","S378","A","A","G","G","G","G","G","G","G","G","G","G","G","G","G","G","G","A","A","A","G","A","G","G","A","G","G","G","G","A","G","G","A","G","G","G","A","G","G","A","A","G","A","A","G","A","A","A","G","A","G","G","A","A","A","A","9.202666","56","A","null","hypothetical protein"
"9",241367,"A","G",35931.39,38,18,"CNAG_04189","SYNONYMOUS_CODING","LOW","SILENT","L325","A","A","A","A","A","A","A","A","A","A","A","A","A","G","A","G","G","A","A","A","G","A","G","G","A","G","G","G","G","A","G","A","A","G","G","G","A","A","G","A","A","A","A","A","G","A","A","A","A","A","G","G","A","A","A","A","9.241367","56","B","null","succinate dehydrogenase [ubiquinone] flavoprotein subunit, mitochondrial"
"9",272607,"G","A",30784.39,38,18,"CNAG_04199","NON_SYNONYMOUS_CODING","MODERATE","MISSENSE","V83M","G","G","G","G","G","G","G","G","G","G","G","G","G","A","G","A","A","G","G","G","A","G","A","A","G","A","A","A","A","G","A","G","G","A","A","A","G","G","A","G","G","G","G","G","A","G","G","G","G","G","A","A","G","G","G","G","9.272607","56","B","null","hypothetical protein"
"9",491535,"G","A",28623.39,38,18,"CNAG_04289","NON_SYNONYMOUS_CODING","MODERATE","MISSENSE","P285L","G","G","G","G","G","G","G","G","G","G","G","G","G","A","G","A","A","G","G","G","A","G","A","A","G","A","A","A","A","G","A","G","G","A","A","A","G","G","A","G","G","G","G","G","A","G","G","G","G","G","A","A","G","G","G","G","9.491535","56","B","null","hypothetical protein"
"9",534468,"C","T",33441.35,34,22,"CNAG_04311","NON_SYNONYMOUS_CODING","MODERATE","MISSENSE","A184V","T","T","C","C","C","C","C","C","C","C","C","C","C","C","C","C","C","T","T","T","C","T","C","C","T","C","C","C","C","T","C","C","T","C","C","C","T","C","C","T","T","C","T","T","C","T","T","T","C","T","C","C","T","T","T","T","9.534468","56","A","null","charged multivesicular body protein 7"
"10",989095,"A","G",22476.39,38,18,"CNAG_04577","UTR_3_PRIME","MODIFIER","NONE",NA,"A","A","A","A","A","A","A","A","A","A","A","A","A","G","A","G","G","A","A","A","G","A","G","G","A","G","G","G","G","A","G","A","A","G","G","G","A","A","G","A","A","A","A","A","G","A","A","A","A","A","G","G","A","A","A","A","10.989095","56","B","null","nucleoside-diphosphate kinase"
"10",474627,"A","G",29833.65,33,23,"CNAG_04760","UPSTREAM","MODIFIER","NONE",NA,"G","G","A","A","A","A","A","A","A","A","A","A","A","A","A","A","A","G","G","G","A","G","A","A","G","A","A","A","A","G","A","A","G","A","A","A","G","A","A","G","G","A","G","G","A","G","G","G","G","G","A","A","G","G","G","G","10.474627","56","A","null","cytoplasmic protein"
"10",293915,"G","A",27197.35,34,22,"CNAG_04831","SYNONYMOUS_CODING","LOW","SILENT","F193","A","A","G","G","G","G","G","G","G","G","G","G","G","G","G","G","G","A","A","A","G","A","G","G","A","G","G","G","G","A","G","G","A","G","G","G","A","G","G","A","A","G","A","A","G","A","A","A","G","A","G","G","A","A","A","A","10.293915","56","A","null","hypothetical protein"
"4",202600,"T","C",30493.39,38,18,"CNAG_05004","SYNONYMOUS_CODING","LOW","SILENT","L535","T","T","T","T","T","T","T","T","T","T","T","T","T","C","T","C","C","T","T","T","C","T","C","C","T","C","C","C","C","T","C","T","T","C","C","C","T","T","C","T","T","T","T","T","C","T","T","T","T","T","C","C","T","T","T","T","4.202600","56","B","null","GTP-binding protein LepA"
"4",577501,"G","A",32995.35,34,22,"CNAG_05155","NON_SYNONYMOUS_CODING","MODERATE","MISSENSE","A539V","A","A","G","G","G","G","G","G","G","G","G","G","G","G","G","G","G","A","A","A","G","A","G","G","A","G","G","G","G","A","G","G","A","G","G","G","A","G","G","A","A","G","A","A","G","A","A","A","G","A","G","G","A","A","A","A","4.577501","56","A","PTP2","protein tyrosine phosphatase (PTP2)"
"4",679331,"A","T",17207.39,38,18,"CNAG_05192","UPSTREAM","MODIFIER","NONE",NA,"A","A","A","A","A","A","A","A","A","A","A","A","A","T","A","T","T","A","A","A","T","A","T","T","A","T","T","T","T","A","T","A","A","T","T","T","A","A","T","A","A","A","A","A","T","A","A","A","A","A","T","T","A","A","A","A","4.679331","56","B","null","hypothetical protein"
"14",23327,"C","T",26894.35,34,22,"CNAG_05341","START_GAINED","LOW","NONE",NA,"T","T","C","C","C","C","C","C","C","C","C","C","C","C","C","C","C","T","T","T","C","T","C","C","T","C","C","C","C","T","C","C","T","C","C","C","T","C","C","T","T","C","T","T","C","T","T","T","C","T","C","C","T","T","T","T","14.23327","56","A","null","hypothetical protein"
"14",68046,"G","A",31794.39,38,18,"CNAG_05352","NON_SYNONYMOUS_CODING","MODERATE","MISSENSE","A376T","G","G","G","G","G","G","G","G","G","G","G","G","G","A","G","A","A","G","G","G","A","G","A","A","G","A","A","A","A","G","A","G","G","A","A","A","G","G","A","G","G","G","G","G","A","G","G","G","G","G","A","A","G","G","G","G","14.68046","56","B","null","hypothetical protein"
"14",271762,"C","T",30151.39,38,18,"CNAG_05422","NON_SYNONYMOUS_CODING","MODERATE","MISSENSE","S737N","C","C","C","C","C","C","C","C","C","C","C","C","C","T","C","T","T","C","C","C","T","C","T","T","C","T","T","T","T","C","T","C","C","T","T","T","C","C","T","C","C","C","C","C","T","C","C","C","C","C","T","T","C","C","C","C","14.271762","56","B","LIV11","virulence related protein of unknown function (LIV11)"
"14",555698,"G","A",34507.35,34,22,"CNAG_05526",NA,"HIGH","NONE",NA,"A","A","G","G","G","G","G","G","G","G","G","G","G","G","G","G","G","A","A","A","G","A","G","G","A","G","G","G","G","A","G","G","A","G","G","G","A","G","G","A","A","G","A","A","G","A","A","A","G","A","G","G","A","A","A","A","14.555698","56","A","null","ino eighty subunit 2"
"7",819348,"C","A",30091.39,38,18,"CNAG_05769","UTR_3_PRIME","MODIFIER","NONE",NA,"C","C","C","C","C","C","C","C","C","C","C","C","C","A","C","A","A","C","C","C","A","C","A","A","C","A","A","A","A","C","A","C","C","A","A","A","C","C","A","C","C","C","C","C","A","C","C","C","C","C","A","A","C","C","C","C","7.819348","56","B","null","cytoplasmic protein"
"7",911043,"T","C",39738.39,38,18,"CNAG_05797","UPSTREAM","MODIFIER","NONE",NA,"T","T","T","T","T","T","T","T","T","T","T","T","T","C","T","C","C","T","T","T","C","T","C","C","T","C","C","C","C","T","C","T","T","C","C","C","T","T","C","T","T","T","T","T","C","T","T","T","T","T","C","C","T","T","T","T","7.911043","56","B","XRN2","5'-3' exoribonuclease (XRN2)"
"7",1008288,"G","A",29981.35,34,22,"CNAG_05838","UTR_5_PRIME","MODIFIER","NONE",NA,"A","A","G","G","G","G","G","G","G","G","G","G","G","G","G","G","G","A","A","A","G","A","G","G","A","G","G","G","G","A","G","G","A","G","G","G","A","G","G","A","A","G","A","A","G","A","A","A","G","A","G","G","A","A","A","A","7.1008288","56","A","RGD1","rho GTPase activating protein (GAP) homolog (RGD1)"
"7",1024356,"C","T",34200.71,36,20,"CNAG_05845","UTR_3_PRIME","MODIFIER","NONE",NA,"C","C","C","C","C","C","C","C","C","C","C","C","C","T","C","T","T","C","C","C","T","C","T","T","C","T","T","T","T","C","T","T","C","T","T","T","C","C","T","C","C","C","C","C","T","C","C","C","T","C","T","T","C","C","C","C","7.1024356","56","B","null","protein FAM32A"
"7",1191543,"C","T",28722.18,28,22,"CNAG_05910","NON_SYNONYMOUS_CODING","MODERATE","MISSENSE","G515S","T","T",NA,"C","C","C","C",NA,NA,"C","C",NA,NA,"C",NA,"C","C","T","T","T","C","T","C","C","T","C","C","C","C","T","C","C","T","C","C","C","T","C","C","T","T","C","T","T","C","T","T","T","C","T","C","C","T","T","T","T","7.1191543","50","A","null","hypothetical protein"
"7",1227094,"A","G",31499.35,34,22,"CNAG_05921","UPSTREAM","MODIFIER","NONE",NA,"G","G","A","A","A","A","A","A","A","A","A","A","A","A","A","A","A","G","G","G","A","G","A","A","G","A","A","A","A","G","A","A","G","A","A","A","G","A","A","G","G","A","G","G","A","G","G","G","A","G","A","A","G","G","G","G","7.1227094","56","A","null","2-acylglycerol O-acyltransferase 2"
"12",282524,"T","C",31414.35,34,22,"CNAG_06092","SYNONYMOUS_CODING","LOW","SILENT","V198","C","C","T","T","T","T","T","T","T","T","T","T","T","T","T","T","T","C","C","C","T","C","T","T","C","T","T","T","T","C","T","T","C","T","T","T","C","T","T","C","C","T","C","C","T","C","C","C","T","C","T","T","C","C","C","C","12.282524","56","A","CLN1","cyclin 1 (CLN1)"
"12",315987,"T","C",30797.35,34,22,"CNAG_06103","UTR_5_PRIME","MODIFIER","NONE",NA,"C","C","T","T","T","T","T","T","T","T","T","T","T","T","T","T","T","C","C","C","T","C","T","T","C","T","T","T","T","C","T","T","C","T","T","T","C","T","T","C","C","T","C","C","T","C","C","C","T","C","T","T","C","C","C","C","12.315987","56","A","null","RNA binding protein"
"12",563841,"T","C",29163.35,34,22,"CNAG_06188","SYNONYMOUS_CODING","LOW","SILENT","V1007","C","C","T","T","T","T","T","T","T","T","T","T","T","T","T","T","T","C","C","C","T","C","T","T","C","T","T","T","T","C","T","T","C","T","T","T","C","T","T","C","C","T","C","C","T","C","C","C","T","C","T","T","C","C","C","C","12.563841","56","A","null","hypothetical protein"
"13",111766,"G","A",30986.35,34,22,"CNAG_06292","NON_SYNONYMOUS_CODING","MODERATE","MISSENSE","L476F","A","A","G","G","G","G","G","G","G","G","G","G","G","G","G","G","G","A","A","A","G","A","G","G","A","G","G","G","G","A","G","G","A","G","G","G","A","G","G","A","A","G","A","A","G","A","A","A","G","A","G","G","A","A","A","A","13.111766","56","A","null","sugar transporter"
"13",436551,"G","C",28976.73,38,18,"CNAG_06422","UTR_5_PRIME","MODIFIER","NONE",NA,"G","G","G","G","G","G","G","G","G","G","G","G","G","C","G","C","C","G","G","G","C","G","C","C","G","C","C","C","C","G","C","G","G","C","C","C","G","G","C","G","G","G","G","G","C","G","G","G","G","G","C","C","G","G","G","G","13.436551","56","B","null","hypothetical protein"
"13",436554,"C","T",29433.73,38,18,"CNAG_06422","UTR_5_PRIME","MODIFIER","NONE",NA,"C","C","C","C","C","C","C","C","C","C","C","C","C","T","C","T","T","C","C","C","T","C","T","T","C","T","T","T","T","C","T","C","C","T","T","T","C","C","T","C","C","C","C","C","T","C","C","C","C","C","T","T","C","C","C","C","13.436554","56","B","null","hypothetical protein"
"13",511459,"T","C",27735.35,34,22,"CNAG_06447","UPSTREAM","MODIFIER","NONE",NA,"C","C","T","T","T","T","T","T","T","T","T","T","T","T","T","T","T","C","C","C","T","C","T","T","C","T","T","T","T","C","T","T","C","T","T","T","C","T","T","C","C","T","C","C","T","C","C","C","T","C","T","T","C","C","C","C","13.511459","56","A","null","large subunit ribosomal protein L22"
"7",37788,"C","T",25727.35,34,22,"CNAG_06532","UPSTREAM","MODIFIER","NONE",NA,"T","T","C","C","C","C","C","C","C","C","C","C","C","C","C","C","C","T","T","T","C","T","C","C","T","C","C","C","C","T","C","C","T","C","C","C","T","C","C","T","T","C","T","T","C","T","T","T","C","T","C","C","T","T","T","T","7.37788","56","A","null","hypothetical protein"
"7",226969,"G","A",32412.35,34,22,"CNAG_06594","UPSTREAM","MODIFIER","NONE",NA,"A","A","G","G","G","G","G","G","G","G","G","G","G","G","G","G","G","A","A","A","G","A","G","G","A","G","G","G","G","A","G","G","A","G","G","G","A","G","G","A","A","G","A","A","G","A","A","A","G","A","G","G","A","A","A","A","7.226969","56","A","null","oxysterol binding protein"
"7",230511,"A","G",30604.35,34,22,"CNAG_06597","NON_SYNONYMOUS_CODING","MODERATE","MISSENSE","Q479R","G","G","A","A","A","A","A","A","A","A","A","A","A","A","A","A","A","G","G","G","A","G","A","A","G","A","A","A","A","G","A","A","G","A","A","A","G","A","A","G","G","A","G","G","A","G","G","G","A","G","A","A","G","G","G","G","7.230511","56","A","SPT8","predicted saga histone acetyltransferase complex component (SPT8)"
"7",508893,"G","C",29908.35,34,22,"CNAG_06691","UPSTREAM","MODIFIER","NONE",NA,"C","C","G","G","G","G","G","G","G","G","G","G","G","G","G","G","G","C","C","C","G","C","G","G","C","G","G","G","G","C","G","G","C","G","G","G","C","G","G","C","C","G","C","C","G","C","C","C","G","C","G","G","C","C","C","C","7.508893","56","A","null","tuftelin-interacting protein 11"
"2",150696,"T","C",21620.35,34,22,"CNAG_06749","NON_SYNONYMOUS_CODING","MODERATE","MISSENSE","I14T","C","C","T","T","T","T","T","T","T","T","T","T","T","T","T","T","T","C","C","C","T","C","T","T","C","T","T","T","T","C","T","T","C","T","T","T","C","T","T","C","C","T","C","C","T","C","C","C","T","C","T","T","C","C","C","C","2.150696","56","A","null","hypothetical protein"
"2",71426,"T","C",27745.65,33,23,"CNAG_06774","UTR_5_PRIME","MODIFIER","NONE",NA,"C","C","T","T","T","T","T","T","T","T","T","T","T","T","T","T","T","C","C","C","T","C","T","T","C","T","T","T","T","C","T","T","C","T","T","T","C","T","T","C","C","T","C","C","T","C","C","C","C","C","T","T","C","C","C","C","2.71426","56","A","null","tRNA (guanine-N(7)-)-methyltransferase"
"2",5600,"C","A",30216.35,34,22,"CNAG_06800","SYNONYMOUS_CODING","LOW","SILENT","R27","A","A","C","C","C","C","C","C","C","C","C","C","C","C","C","C","C","A","A","A","C","A","C","C","A","C","C","C","C","A","C","C","A","C","C","C","A","C","C","A","A","C","A","A","C","A","A","A","C","A","C","C","A","A","A","A","2.5600","56","A","null","hypothetical protein"
"13",748576,"C","G",28585.35,34,22,"CNAG_07041","NON_SYNONYMOUS_CODING","MODERATE","MISSENSE","P115A","G","G","C","C","C","C","C","C","C","C","C","C","C","C","C","C","C","G","G","G","C","G","C","C","G","C","C","C","C","G","C","C","G","C","C","C","G","C","C","G","G","C","G","G","C","G","G","G","C","G","C","C","G","G","G","G","13.748576","56","A","null","hypothetical protein"
"2",1519281,"C","T",27053.39,38,18,"CNAG_07491","UPSTREAM","MODIFIER","NONE",NA,"C","C","C","C","C","C","C","C","C","C","C","C","C","T","C","T","T","C","C","C","T","C","T","T","C","T","T","T","T","C","T","C","C","T","T","T","C","C","T","C","C","C","C","C","T","C","C","C","C","C","T","T","C","C","C","C","2.1519281","56","B","null","glutaredoxin"
"3",1180025,"C","T",34188.35,34,22,"CNAG_07552","NON_SYNONYMOUS_CODING","MODERATE","MISSENSE","A256V","T","T","C","C","C","C","C","C","C","C","C","C","C","C","C","C","C","T","T","T","C","T","C","C","T","C","C","C","C","T","C","C","T","C","C","C","T","C","C","T","T","C","T","T","C","T","T","T","C","T","C","C","T","T","T","T","3.1180025","56","A","null","DNA repair protein Rad8"
"10",13558,"T","C",27417.55,35,18,"CNAG_07837","UTR_5_PRIME","MODIFIER","NONE",NA,"T","T","T","T","T","T","T","T",NA,"T","T","T",NA,"C","T","C","C","T","T","T","C","T","C","C","T","C","C","C","C","T","C","T","T","C","C","C","T",NA,"C","T","T","T","T","T","C","T","T","T","T","T","C","C","T","T","T","T","10.13558","53","B","null","hypothetical protein"
"14",716719,"C","T",29163.39,38,18,"CNAG_07886","UPSTREAM","MODIFIER","NONE",NA,"C","C","C","C","C","C","C","C","C","C","C","C","C","T","C","T","T","C","C","C","T","C","T","T","C","T","T","T","T","C","T","C","C","T","T","T","C","C","T","C","C","C","C","C","T","C","C","C","C","C","T","T","C","C","C","C","14.716719","56","B","null","hypothetical protein"
"3",83036,"T","C",28725.35,34,22,"CNAG_07967","UTR_5_PRIME","MODIFIER","NONE",NA,"C","C","T","T","T","T","T","T","T","T","T","T","T","T","T","T","T","C","C","C","T","C","T","T","C","T","T","T","T","C","T","T","C","T","T","T","C","T","T","C","C","T","C","C","T","C","C","C","T","C","T","T","C","C","C","C","3.83036","56","A","null","hypothetical protein"
"12",422943,"G","A",32127.39,38,18,"CNAG_08018","SYNONYMOUS_CODING","LOW","SILENT","T866","G","G","G","G","G","G","G","G","G","G","G","G","G","A","G","A","A","G","G","G","A","G","A","A","G","A","A","A","A","G","A","G","G","A","A","A","G","G","A","G","G","G","G","G","A","G","G","G","G","G","A","A","G","G","G","G","12.422943","56","B","null","hypothetical protein"
"1",1354376,"A","G",30239.65,33,23,"CNAG_12063",NA,"HIGH","NONE",NA,"G","G","A","A","A","A","A","A","A","A","A","A","A","A","A","A","A","G","G","G","A","G","A","A","G","A","A","A","A","G","A","A","G","A","A","A","G","A","A","G","G","A","G","G","A","G","G","G","G","G","A","A","G","G","G","G","1.1354376","56","A","null","hypothetical RNA"
"2",140257,"A","G",34317.39,38,18,"CNAG_12138","UPSTREAM","MODIFIER","NONE",NA,"A","A","A","A","A","A","A","A","A","A","A","A","A","G","A","G","G","A","A","A","G","A","G","G","A","G","G","G","G","A","G","A","A","G","G","G","A","A","G","A","A","A","A","A","G","A","A","A","A","A","G","G","A","A","A","A","2.140257","56","B","null","hypothetical RNA"
"13",627681,"C","T",31631.39,38,18,"CNAG_13134","UPSTREAM","MODIFIER","NONE",NA,"C","C","C","C","C","C","C","C","C","C","C","C","C","T","C","T","T","C","C","C","T","C","T","T","C","T","T","T","T","C","T","C","C","T","T","T","C","C","T","C","C","C","C","C","T","C","C","C","C","C","T","T","C","C","C","C","13.627681","56","B","null","hypothetical RNA"
"14",618816,"G","T",30634.35,34,22,"CNAG_13192","UPSTREAM","MODIFIER","NONE",NA,"T","T","G","G","G","G","G","G","G","G","G","G","G","G","G","G","G","T","T","T","G","T","G","G","T","G","G","G","G","T","G","G","T","G","G","G","T","G","G","T","T","G","T","T","G","T","T","T","G","T","G","G","T","T","T","T","14.618816","56","A","null","hypothetical RNA"
